brand,model,processor_brand,processor_name,processor_gnrtn,ram_gb,ram_type,ssd,hdd,os,os_bit,graphic_card_gb,type,display_size,Touchscreen,msoffice,latest_price
Lenovo,A6-9225,AMD,A6-9225 Processor,10th,4,DDR4,0,1024,Windows,64-bit,0,ThinNlight,15.6,No,No,24990
Lenovo,Ideapad,AMD,APU Dual,10th,4,DDR4,0,512,Windows,64-bit,0,Casual,15.6,No,No,19590
Avita,PURA,AMD,APU Dual,10th,4,DDR4,128,0,Windows,64-bit,0,ThinNlight,15.6,No,No,19990
Avita,PURA,AMD,APU Dual,10th,4,DDR4,128,0,Windows,64-bit,0,ThinNlight,15.6,No,No,21490
Avita,PURA,AMD,APU Dual,10th,4,DDR4,256,0,Windows,64-bit,0,ThinNlight,15.6,No,No,24990
Avita,PURA,AMD,APU Dual,10th,8,DDR4,256,0,Windows,64-bit,0,ThinNlight,14,No,No,24990
HP,APU,AMD,APU Dual,10th,4,DDR4,0,1024,Windows,32-bit,0,Casual,14,No,No,20900
Lenovo,APU,AMD,APU Dual,10th,4,DDR4,0,1024,Windows,64-bit,0,Casual,15.6,No,No,21896
HP,Athlon,AMD,Athlon Dual,10th,32,DDR4,32,0,Windows,32-bit,4,Casual,14,No,No,26899
acer,Aspire,AMD,Athlon Dual,10th,4,DDR4,256,0,Windows,64-bit,0,Casual,15.6,No,No,31990
ASUS,ExpertBook,Intel,Core i3,10th,4,DDR4,0,1024,Windows,64-bit,0,Casual,15.6,No,No,34649
Lenovo,Other,Intel,Core i3,10th,4,DDR4,0,1024,Windows,64-bit,0,Casual,15.6,No,No,38999
Lenovo,v15,Intel,Core i3,10th,4,DDR4,0,1024,Windows,64-bit,0,Casual,15.6,No,No,39999
ASUS,ExpertBook,Intel,Core i5,10th,8,DDR4,512,0,Windows,32-bit,2,Casual,15.6,No,No,69990
ASUS,VivoBook,Intel,Celeron Dual,Other,4,DDR4,0,512,Windows,64-bit,0,Casual,15.6,No,No,26990
ASUS,EeeBook,Intel,Celeron Dual,Other,4,DDR4,0,512,Windows,64-bit,0,Casual,15.6,No,No,22990
ASUS,EeeBook,Intel,Celeron Dual,Other,4,DDR4,0,512,Windows,32-bit,0,Casual,15.6,No,No,21990
ASUS,ExpertBook,Intel,Core i5,10th,8,DDR4,0,1024,Windows,32-bit,2,Casual,14,No,No,58799
Lenovo,Other,Intel,Core i5,10th,4,DDR4,0,1024,Windows,32-bit,0,Casual,14,No,No,49999
acer,Aspire,AMD,Ryzen,10th,4,DDR4,0,512,Windows,32-bit,4,Casual,15.6,No,No,54990
acer,Nitro,AMD,Ryzen 5,10th,4,DDR4,0,512,Windows,32-bit,4,Casual,15.6,No,No,59990
acer,Nitro,AMD,Ryzen 5,10th,4,DDR4,0,512,Windows,32-bit,6,Casual,15.6,No,No,93700
acer,Nitro,AMD,Ryzen 5,10th,4,DDR4,0,512,Windows,32-bit,4,Casual,15.6,No,No,72990
Avita,Cosmos,Intel,Celeron Dual,Other,4,DDR4,0,512,Windows,64-bit,0,Casual,15.6,No,No,17490
ASUS,EeeBook,Intel,Celeron Dual,Other,4,DDR4,0,512,Windows,64-bit,0,Casual,15.6,No,No,22990
ASUS,ExpertBook,Intel,Core i3,11th,4,DDR4,256,0,Windows,64-bit,0,Casual,15.6,No,No,35990
HP,x360,Intel,Core i3,11th,8,DDR4,256,0,Windows,64-bit,0,Casual,14,Yes,No,56490
HP,x360,Intel,Core i5,11th,8,DDR4,256,0,Windows,64-bit,0,Casual,14,No,No,65390
Lenovo,IdeaPad,Intel,Celeron Dual,Other,4,DDR4,256,0,Windows,64-bit,0,ThinNlight,14,No,No,31999
HP,Celeron,Intel,Celeron Dual,Other,8,DDR4,256,0,Windows,64-bit,0,ThinNlight,14,No,No,32490
Lenovo,IdeaPad,Intel,Celeron Dual,Other,4,DDR4,256,0,Windows,64-bit,0,ThinNlight,15.6,No,No,31799
ASUS,VivoBook,Intel,Celeron Dual,Other,4,DDR4,256,0,Windows,64-bit,0,Casual,15.6,No,No,29890
ASUS,Celeron,Intel,Celeron Dual,Other,4,DDR4,0,1024,Windows,64-bit,0,Casual,15.6,No,No,23990
HP,15q,Intel,Core i3,7th,4,DDR4,0,1024,Windows,64-bit,0,Casual,15.6,No,No,32955
HP,250-G6,Intel,Core i5,7th,4,DDR4,0,1024,Windows,32-bit,2,Casual,15.6,No,No,46200
ASUS,Other,Intel,Core i3,11th,4,DDR4,256,0,Windows,64-bit,0,ThinNlight,14,No,No,34429
Lenovo,IdeaPad,Intel,Core i3,10th,8,DDR4,256,0,Windows,32-bit,0,ThinNlight,15.6,No,Yes,37990
ASUS,VivoBook,Intel,Core i3,11th,4,DDR4,256,0,Windows,32-bit,0,Casual,15.6,No,Yes,35990
ASUS,VivoBook,Intel,Core i3,10th,8,DDR4,256,0,Windows,64-bit,0,ThinNlight,14,No,No,33980
HP,Other,Intel,Core i3,11th,8,DDR4,256,0,Windows,64-bit,0,ThinNlight,14,No,Yes,39990
DELL,Vostro,Intel,Core i3,10th,8,DDR4,256,0,Windows,64-bit,0,ThinNlight,14,No,Yes,39490
RedmiBook,15,Intel,Core i3,11th,8,DDR4,256,0,Windows,32-bit,0,ThinNlight,15.6,No,No,38990
HP,Pavilion,Intel,Core i3,11th,8,DDR4,256,0,Windows,64-bit,0,Casual,14,Yes,Yes,53990
acer,Aspire,Intel,Core i3,11th,8,DDR4,256,0,Windows,64-bit,0,ThinNlight,15.6,No,No,38990
realme,Book,Intel,Core i3,11th,8,DDR4,256,0,Windows,64-bit,0,ThinNlight,14,No,Yes,46990
ASUS,Other,Intel,Core i3,11th,8,DDR4,256,0,Windows,64-bit,0,ThinNlight,15.6,No,No,37990
ASUS,VivoBook,Intel,Core i3,11th,8,DDR4,256,0,Windows,64-bit,0,Casual,14,No,Yes,37890
Lenovo,IdeaPad,Intel,Core i3,11th,8,DDR4,256,0,Windows,64-bit,0,ThinNlight,14,No,No,38990
Lenovo,IdeaPad,Intel,Core i3,10th,8,DDR4,256,0,Windows,64-bit,0,ThinNlight,14,No,No,37990
DELL,Vostro,Intel,Core i3,11th,8,DDR4,256,0,Windows,64-bit,0,ThinNlight,14.96,No,Yes,41990
ASUS,VivoBook,Intel,Core i3,11th,8,DDR4,256,0,Windows,64-bit,0,Casual,15.6,No,No,45990
Lenovo,IdeaPad,Intel,Core i3,11th,8,DDR4,256,0,Windows,64-bit,0,ThinNlight,15.6,No,No,39990
DELL,Inspiron,Intel,Core i3,11th,8,DDR4,256,0,Windows,64-bit,0,ThinNlight,15.6,No,No,42490
Infinix,INBook,Intel,Core i3,10th,8,LPDDR4X,256,0,Windows,64-bit,0,ThinNlight,14,No,No,32990
DELL,Vostro,Intel,Core i3,10th,4,DDR4,256,0,Windows,64-bit,0,ThinNlight,14,No,Yes,36990
Lenovo,Ideapad,Intel,Core i3,11th,8,DDR4,256,0,Windows,64-bit,0,Casual,14,Yes,Yes,53990
ASUS,VivoBook,Intel,Core i3,11th,8,DDR4,256,0,Windows,64-bit,0,ThinNlight,14,No,No,36990
Lenovo,IdeaPad,Intel,Core i3,10th,4,DDR4,256,0,Windows,64-bit,0,Casual,15.6,No,No,38940
DELL,Inspiron,Intel,Core i3,10th,4,DDR4,256,0,Windows,64-bit,0,Casual,15,No,Yes,39490
ASUS,VivoBook,Intel,Core i3,11th,8,DDR4,256,0,Windows,64-bit,0,Casual,15.6,No,No,45990
Lenovo,Ideapad,Intel,Core i3,10th,8,DDR4,256,0,Windows,64-bit,0,Casual,15.6,No,Yes,39999
DELL,Inspiron,Intel,Core i3,11th,8,DDR4,256,0,Windows,64-bit,0,ThinNlight,15.6,No,No,42990
DELL,Inspiron,Intel,Core i3,11th,8,DDR4,256,0,Windows,64-bit,0,Casual,14,Yes,No,49990
DELL,Vostro,Intel,Core i3,11th,8,DDR4,256,0,Windows,64-bit,0,ThinNlight,14,No,Yes,41490
DELL,Inspiron,Intel,Core i3,11th,8,DDR4,256,0,Windows,64-bit,0,ThinNlight,14.96,No,No,41990
Lenovo,Ideapad,Intel,Core i3,11th,8,DDR4,256,0,Windows,64-bit,0,ThinNlight,14,No,Yes,41990
Infinix,INBook,Intel,Core i3,10th,8,LPDDR4X,256,0,Windows,64-bit,0,ThinNlight,14,No,No,32990
ASUS,VivoBook,Intel,Core i3,11th,8,DDR4,256,0,Windows,64-bit,0,Casual,15.6,No,No,38490
Lenovo,Other,Intel,Core i3,11th,4,DDR4,256,0,Windows,64-bit,0,ThinNlight,15,No,Yes,38990
Lenovo,ThinkPad,Intel,Core i3,11th,4,DDR4,256,0,Windows,64-bit,0,Casual,15.6,No,Yes,44990
Lenovo,IdeaPad,Intel,Core i3,10th,4,DDR4,256,0,Windows,64-bit,0,ThinNlight,14,No,No,36490
Lenovo,Other,Intel,Core i3,10th,8,DDR4,256,0,Windows,32-bit,0,Casual,15.6,No,No,38970
HP,Other,Intel,Core i3,11th,4,DDR4,256,0,Windows,64-bit,0,ThinNlight,15.6,No,Yes,44900
MSI,Other,Intel,Core i3,10th,4,DDR4,256,0,Windows,64-bit,0,ThinNlight,15.6,No,No,38990
DELL,Vostro,Intel,Core i3,11th,4,DDR4,256,0,Windows,64-bit,0,ThinNlight,15.6,No,No,44427
ASUS,VivoBook,Intel,Core i3,10th,4,DDR4,256,0,Windows,64-bit,0,Casual,15.6,No,No,35990
Lenovo,Ideapad,Intel,Core i3,10th,4,DDR4,256,0,Windows,64-bit,0,Casual,15.6,No,Yes,40200
Lenovo,Other,Intel,Core i3,10th,4,DDR4,256,0,Windows,32-bit,0,Casual,15.6,No,No,40990
DELL,Inspiron,Intel,Core i3,10th,4,DDR4,256,0,Windows,64-bit,0,ThinNlight,15.6,No,No,42490
realme,Book,Intel,Core i3,11th,4,DDR4,256,0,Windows,64-bit,0,ThinNlight,15.6,No,Yes,47999
acer,Chromebook,Intel,Celeron Dual,Other,4,DDR4,0,512,Windows,32-bit,0,Casual,15.6,No,No,23990
DELL,Other,Intel,Core i3,11th,4,DDR4,256,0,Windows,64-bit,0,Casual,15.6,Yes,No,71999
ASUS,VivoBook,Intel,Core i3,11th,4,DDR4,256,0,Windows,64-bit,0,Casual,15.6,No,No,39990
Lenovo,IdeaPad,Intel,Core i3,10th,4,DDR4,256,0,Windows,64-bit,0,Casual,15.6,No,Yes,41998
ASUS,Other,Intel,Core i3,11th,4,DDR4,256,0,Windows,32-bit,0,Casual,15.6,No,No,41990
Lenovo,Ideapad,Intel,Core i3,10th,4,DDR4,256,0,Windows,64-bit,0,Casual,15.6,No,Yes,39999
ASUS,Commercial,Intel,Core i3,10th,4,DDR4,256,0,Windows,32-bit,0,Casual,15.6,No,No,39990
Lenovo,Ideapad,Intel,Core i3,11th,4,DDR4,256,0,Windows,64-bit,0,Casual,15.6,No,No,39998
HP,14s,Intel,Core i3,11th,4,DDR4,256,0,Windows,64-bit,0,ThinNlight,15.6,No,Yes,42490
Lenovo,Other,Intel,Core i3,10th,4,DDR4,256,0,Windows,32-bit,0,Casual,15.6,No,No,41990
ASUS,Other,Intel,Core i3,11th,4,DDR4,256,0,Windows,32-bit,0,Casual,15.6,No,No,48490
HP,Other,Intel,Core i3,11th,4,DDR4,256,0,Windows,64-bit,0,ThinNlight,15.6,No,Yes,44376
DELL,Other,Intel,Core i3,11th,4,DDR4,256,0,Windows,32-bit,0,Casual,15.6,No,No,43900
DELL,INSPIRON,Intel,Core i3,11th,4,DDR4,256,0,Windows,64-bit,0,Casual,15.6,No,No,46690
Lenovo,Other,Intel,Core i3,10th,4,DDR4,256,0,Windows,32-bit,0,Casual,15.6,No,No,40990
DELL,Inspiron,Intel,Core i3,10th,4,DDR4,256,0,Windows,64-bit,0,ThinNlight,15.6,No,No,39990
Lenovo,V15,Intel,Core i3,11th,4,DDR4,256,0,Windows,64-bit,0,ThinNlight,15.6,No,No,43990
ASUS,VivoBook,Intel,Core i3,11th,4,DDR4,256,0,Windows,64-bit,0,ThinNlight,15.6,No,No,36990
DELL,Other,Intel,Core i3,11th,8,DDR4,256,0,Windows,64-bit,0,Casual,15.6,No,No,48500
ASUS,VivoBook,Intel,Core i3,11th,8,DDR4,256,0,Windows,64-bit,0,Casual,15.6,No,No,48990
ASUS,Chromebook,Intel,Celeron Dual,Other,4,LPDDR4,0,512,Windows,32-bit,0,Casual,15.6,No,No,23490
HP,Pavilion,Intel,Core i3,8th,4,DDR4,256,0,Windows,64-bit,0,Casual,14,Yes,Yes,54238
ASUS,VivoBook,Intel,Core i3,10th,8,DDR4,512,0,Windows,64-bit,0,Casual,15.6,No,No,37990
HP,Other,Intel,Core i3,11th,8,DDR4,512,0,Windows,64-bit,0,ThinNlight,15.6,No,Yes,42990
HP,Other,Intel,Core i3,11th,8,DDR4,512,0,Windows,64-bit,0,ThinNlight,15.6,No,Yes,42990
ASUS,VivoBook,Intel,Core i3,10th,4,DDR4,512,0,Windows,64-bit,0,Casual,15.6,No,No,35990
RedmiBook,15,Intel,Core i3,11th,8,DDR4,512,0,Windows,32-bit,0,ThinNlight,15.6,No,No,42990
ASUS,VivoBook,Intel,Core i3,11th,8,DDR4,512,0,Windows,64-bit,0,Casual,14,No,No,42990
ASUS,VivoBook,Intel,Core i3,11th,8,LPDDR4X,512,0,Windows,32-bit,0,Casual,14,Yes,Yes,51990
ASUS,VivoBook,Intel,Core i3,11th,8,DDR4,512,0,Windows,64-bit,0,Casual,15.6,No,No,48990
ASUS,VivoBook,Intel,Core i3,11th,8,DDR4,512,0,Windows,64-bit,0,Casual,14,No,No,42990
Lenovo,Other,Intel,Core i3,10th,8,DDR4,512,0,Windows,64-bit,0,ThinNlight,15.6,No,No,38990
DELL,Inspiron,Intel,Core i3,11th,8,DDR4,512,0,Windows,64-bit,0,ThinNlight,14.96,No,No,45990
HP,Other,Intel,Core i3,10th,8,DDR4,512,0,Windows,64-bit,0,ThinNlight,15.6,No,Yes,42490
HP,Other,Intel,Core i3,11th,8,DDR4,512,0,Windows,64-bit,0,ThinNlight,15.6,No,Yes,43970
ASUS,Other,Intel,Core i3,10th,4,DDR4,512,0,Windows,64-bit,0,ThinNlight,15.6,No,Yes,39990
MSI,Other,Intel,Core i3,11th,8,DDR4,512,0,Windows,64-bit,0,ThinNlight,14,No,No,48990
HP,Pavilion,Intel,Core i3,11th,8,DDR4,512,0,Windows,64-bit,0,Casual,14,No,Yes,54990
MSI,Other,Intel,Core i3,10th,8,DDR4,512,0,Windows,64-bit,0,ThinNlight,14,No,No,40990
ASUS,VivoBook,Intel,Core i3,11th,8,DDR4,512,0,Windows,64-bit,0,ThinNlight,14.1,No,Yes,41990
Lenovo,IdeaPad,Intel,Core i3,11th,8,DDR4,512,0,Windows,64-bit,0,ThinNlight,14,Yes,No,54990
ASUS,VivoBook,Intel,Core i3,11th,8,DDR4,512,0,Windows,64-bit,0,Casual,14,No,Yes,44990
HP,Other,Intel,Core i3,11th,8,DDR4,512,0,Windows,64-bit,0,Casual,15.6,No,No,41250
HP,Other,Intel,Core i3,11th,8,DDR4,512,0,Windows,64-bit,0,ThinNlight,14,No,No,44990
ASUS,VivoBook,Intel,Core i3,11th,8,DDR4,512,0,Windows,64-bit,0,Casual,14,No,No,42990
DELL,Other,Intel,Core i3,11th,8,DDR4,512,0,Windows,64-bit,0,Casual,14,Yes,No,60790
HP,Other,Intel,Core i3,11th,8,DDR4,512,0,Windows,64-bit,0,Casual,15.6,No,No,45650
DELL,Vostro,Intel,Core i3,10th,8,DDR4,512,0,Windows,64-bit,0,ThinNlight,14,No,Yes,41990
DELL,Inspiron,Intel,Core i3,10th,8,DDR4,512,0,Windows,64-bit,0,ThinNlight,15.6,No,No,45490
ASUS,VivoBook,Intel,Core i3,11th,8,DDR4,512,0,Windows,64-bit,0,ThinNlight,14.1,No,Yes,44990
Lenovo,IdeaPad,Intel,Core i3,11th,8,DDR4,512,0,Windows,64-bit,0,ThinNlight,15.6,No,Yes,42990
HP,15s,Intel,Core i3,11th,4,DDR4,512,0,Windows,64-bit,0,ThinNlight,15.6,No,Yes,45490
HP,Other,Intel,Core i3,10th,4,DDR4,512,0,Windows,32-bit,0,Casual,15.6,No,No,38799
HP,Pavilion,Intel,Core i3,11th,4,DDR4,512,0,Windows,64-bit,0,Casual,15.6,Yes,Yes,69267
ASUS,VivoBook,Intel,Core i3,11th,4,DDR4,512,0,Windows,64-bit,0,Casual,15.6,No,Yes,51649
HP,Other,Intel,Core i3,11th,4,DDR4,512,0,Windows,64-bit,0,ThinNlight,15.6,No,Yes,47990
ASUS,VivoBook,Intel,Core i3,10th,4,DDR4,512,0,Windows,64-bit,0,Casual,15.6,No,No,40990
ASUS,Other,Intel,Core i3,10th,4,DDR4,512,0,Windows,64-bit,0,ThinNlight,15.6,No,Yes,42990
ASUS,VivoBook,Intel,Core i3,11th,4,DDR4,512,0,Windows,64-bit,0,Casual,15.6,No,No,44890
ASUS,VivoBook,Intel,Core i3,10th,4,DDR4,512,0,Windows,64-bit,0,Casual,15.6,No,No,41490
HP,15s,Intel,Core i3,11th,4,DDR4,512,0,Windows,32-bit,0,ThinNlight,15.6,No,No,50990
HP,Other,Intel,Core i3,11th,4,DDR4,512,0,Windows,64-bit,0,ThinNlight,15.6,No,Yes,48900
ASUS,VivoBook,Intel,Core i3,10th,4,DDR4,512,0,Windows,64-bit,0,Casual,15.6,No,No,40990
DELL,Vostro,Intel,Core i3,10th,4,DDR4,512,0,Windows,64-bit,0,Casual,15.6,No,No,41790
Lenovo,Ideapad,Intel,Core i3,11th,4,DDR4,512,0,Windows,64-bit,0,Casual,15.6,Yes,Yes,57999
DELL,Inspiron,Intel,Core i3,11th,8,DDR4,512,0,Windows,64-bit,0,ThinNlight,15.6,No,No,45930
HP,Pavilion,Intel,Core i3,11th,8,DDR4,512,0,Windows,64-bit,0,Casual,14,Yes,Yes,55490
ASUS,VivoBook,Intel,Core i3,10th,8,DDR4,0,1024,Windows,64-bit,0,Casual,14.1,No,No,32890
Lenovo,IdeaPad,Intel,Core i3,10th,8,DDR4,0,1024,Windows,64-bit,0,ThinNlight,15.6,No,Yes,35990
DELL,Inspiron,Intel,Core i3,11th,8,DDR4,0,1024,Windows,64-bit,0,ThinNlight,15.6,No,No,42490
DELL,Vostro,Intel,Core i3,11th,8,DDR4,0,1024,Windows,64-bit,0,ThinNlight,14,No,No,42190
DELL,Vostro,Intel,Core i3,10th,8,DDR4,0,1024,Windows,64-bit,0,ThinNlight,14,No,Yes,39490
HP,15s,Intel,Core i3,11th,8,DDR4,0,1024,Windows,64-bit,0,ThinNlight,15.6,No,Yes,43690
ASUS,VivoBook,Intel,Core i3,10th,4,DDR4,0,1024,Windows,64-bit,0,Casual,15.6,No,No,35990
DELL,3000,Intel,Core i3,11th,8,DDR4,0,1024,Windows,32-bit,0,Casual,15.6,No,No,43800
Lenovo,Other,Intel,Core i3,10th,8,DDR4,0,1024,Windows,32-bit,0,Casual,15.6,No,No,38990
ASUS,VivoBook,Intel,Core i3,10th,4,DDR4,0,1024,Windows,64-bit,0,ThinNlight,15.6,No,No,34990
ASUS,VivoBook,Intel,Core i3,11th,8,DDR4,0,1024,Windows,64-bit,0,Casual,15.6,No,No,38900
DELL,Inspiron,Intel,Core i3,10th,4,DDR4,0,1024,Windows,64-bit,0,ThinNlight,15.6,No,No,39990
DELL,INSPIRON,Intel,Core i3,10th,4,DDR4,0,1024,Windows,32-bit,0,Casual,15.6,No,No,40890
Lenovo,Other,Intel,Core i3,10th,4,DDR4,0,1024,Windows,64-bit,0,ThinNlight,15.6,No,No,36990
HP,15s,Intel,Core i3,11th,4,DDR4,0,1024,Windows,64-bit,0,ThinNlight,15.6,No,Yes,39990
HP,Other,Intel,Core i3,11th,4,DDR4,0,1024,Windows,64-bit,0,ThinNlight,15.6,No,Yes,41990
DELL,Other,Intel,Core i3,11th,4,DDR4,0,1024,Windows,32-bit,0,Casual,15.6,No,No,43970
HP,Notebook,Intel,Core i3,11th,4,DDR4,0,1024,Windows,64-bit,0,ThinNlight,15.6,No,No,39790
ASUS,Other,Intel,Core i3,10th,4,DDR4,0,1024,Windows,32-bit,0,ThinNlight,15.6,No,No,35590
HP,14s,Intel,Core i3,10th,4,DDR4,0,1024,Windows,64-bit,0,ThinNlight,15.6,No,Yes,36490
ASUS,VivoBook,Intel,Core i3,10th,4,DDR4,0,1024,Windows,64-bit,0,ThinNlight,15.6,No,Yes,38990
ASUS,Other,Intel,Core i3,10th,4,DDR4,0,1024,Windows,32-bit,0,ThinNlight,15.6,No,No,33990
DELL,Inspiron,Intel,Core i3,10th,4,DDR4,0,1024,Windows,64-bit,0,Casual,15.6,No,Yes,43400
ASUS,Chromebook,Intel,Celeron Dual,Other,4,LPDDR4,0,512,Windows,32-bit,0,Casual,15.6,No,No,24990
HP,15s,Intel,Core i3,10th,4,DDR4,0,1024,Windows,64-bit,0,ThinNlight,15.6,No,Yes,40750
DELL,Inspiron,Intel,Core i3,10th,4,DDR4,0,1024,Windows,64-bit,0,ThinNlight,15.6,No,Yes,43000
ASUS,Vivo,Intel,Core i3,10th,4,DDR4,0,1024,Windows,64-bit,0,Casual,15.6,No,No,38000
DELL,Inspiron,Intel,Core i3,11th,8,DDR4,0,1024,Windows,64-bit,0,ThinNlight,14.96,No,Yes,37990
HP,DA,Intel,Core i3,7th,8,DDR4,0,1024,Windows,64-bit,2,Casual,15.6,No,No,49279
Lenovo,Other,Intel,Core i3,10th,8,DDR4,0,1024,Windows,32-bit,0,Casual,15.6,No,No,38999
ASUS,Other,Intel,Core i3,11th,8,DDR4,0,1024,Windows,32-bit,0,Casual,15.6,No,No,41500
acer,Other,Intel,Core i3,11th,4,DDR4,0,1024,Windows,32-bit,0,Casual,15.6,No,No,36999
DELL,Other,Intel,Core i3,11th,8,DDR4,0,1024,Windows,32-bit,0,Casual,15.6,No,No,42900
ASUS,Chromebook,Intel,Celeron Dual,Other,4,LPDDR4,0,512,Windows,32-bit,0,Casual,15.6,No,No,21490
DELL,Insprion,Intel,Core i3,11th,8,DDR4,0,1024,Windows,32-bit,0,Casual,15.6,No,No,41480
ASUS,VivoBook,Intel,Core i3,10th,8,DDR4,0,1024,Windows,64-bit,0,Casual,15.6,No,No,32990
ASUS,VivoBook,Intel,Core i3,11th,8,DDR4,0,1024,Windows,64-bit,0,Casual,15.6,No,No,38680
ASUS,Chromebook,Intel,Celeron Dual,Other,4,LPDDR4,0,512,Windows,32-bit,0,Casual,15.6,No,No,23990
DELL,Other,Intel,Core i3,10th,8,DDR4,0,1024,Windows,64-bit,0,ThinNlight,14.96,No,No,40390
ASUS,VivoBook,Intel,Core i3,10th,4,DDR4,0,1024,Windows,64-bit,0,ThinNlight,14.1,No,No,33990
ASUS,Chromebook,Intel,Celeron Dual,Other,4,LPDDR4,0,512,Windows,32-bit,0,Casual,15.6,No,No,20490
DELL,Vostro,Intel,Core i3,10th,8,DDR4,256,1024,Windows,64-bit,0,ThinNlight,15.6,No,Yes,41490
DELL,Inspiron,Intel,Core i3,11th,8,DDR4,256,1024,Windows,64-bit,0,Casual,15.6,No,No,45490
DELL,Inspiron,Intel,Core i3,11th,8,DDR4,256,1024,Windows,64-bit,0,Casual,15.6,No,No,44490
ASUS,VivoBook,Intel,Core i3,11th,8,DDR4,256,1024,Windows,64-bit,0,Casual,14.1,No,Yes,41890
DELL,Vostro,Intel,Core i3,11th,4,DDR4,256,1024,Windows,64-bit,0,ThinNlight,14,No,Yes,42990
acer,Travelmate,Intel,Core i3,11th,8,DDR4,256,1024,Windows,64-bit,0,Casual,14,No,No,40990
DELL,Inspiron,Intel,Core i3,11th,8,DDR4,256,1024,Windows,64-bit,0,ThinNlight,15.6,No,No,48990
DELL,Vostro,Intel,Core i3,11th,4,DDR4,256,1024,Windows,64-bit,0,ThinNlight,15.6,No,Yes,43590
DELL,Inspiron,Intel,Core i3,10th,4,DDR4,256,1024,Windows,64-bit,0,Casual,15.6,No,No,44690
ASUS,ExpertBook,Intel,Core i3,10th,4,DDR4,256,1024,Windows,64-bit,0,Casual,15.6,No,No,40990
DELL,Vostro,Intel,Core i3,11th,4,DDR4,256,1024,Windows,64-bit,0,ThinNlight,15.6,No,Yes,43990
DELL,Vostro,Intel,Core i3,11th,4,DDR4,256,1024,Windows,64-bit,0,ThinNlight,15.6,No,Yes,43590
DELL,Vostro,Intel,Core i3,10th,4,DDR4,256,1024,Windows,64-bit,0,ThinNlight,15.6,No,Yes,41390
DELL,Vostro,Intel,Core i3,10th,4,DDR4,256,1024,Windows,64-bit,0,ThinNlight,15.6,No,Yes,44290
DELL,Inspiron,Intel,Core i3,11th,4,DDR4,256,1024,Windows,64-bit,0,Casual,15.6,No,No,48999
DELL,Vostro,Intel,Core i3,11th,4,DDR4,256,1024,Windows,64-bit,0,ThinNlight,15.6,No,Yes,39990
DELL,Other,Intel,Core i3,10th,8,DDR4,256,1024,Windows,64-bit,0,ThinNlight,15.6,No,No,46390
ASUS,Chromebook,Intel,Celeron Dual,Other,4,LPDDR4,0,512,Windows,64-bit,0,Casual,15.6,No,No,18990
ASUS,Chromebook,Intel,Celeron Dual,Other,4,LPDDR4,0,512,Windows,32-bit,0,Casual,15.6,No,No,17990
HP,14a,Intel,Celeron Dual,Other,4,DDR4,0,512,Windows,64-bit,0,Casual,15.6,No,No,26470
HP,Chromebook,Intel,Celeron Dual,Other,4,DDR4,0,512,Windows,64-bit,0,Casual,15.6,No,No,27990
Lenovo,Celeron,Intel,Celeron Dual,Other,4,DDR4,0,1024,Windows,32-bit,0,Casual,15.6,No,No,29999
Lenovo,IdeaPad,Intel,Celeron Dual,Other,4,LPDDR4X,0,512,Windows,64-bit,0,Casual,15.6,No,No,25990
Lenovo,IdeaPad,Intel,Celeron Dual,Other,4,LPDDR4,0,512,Windows,32-bit,0,Casual,15.6,No,No,16990
Lenovo,IdeaPad,Intel,Celeron Dual,Other,4,LPDDR4,0,512,Windows,32-bit,0,Casual,15.6,No,No,24990
acer,Predator,Intel,Core,Other,4,DDR4,0,512,Windows,32-bit,0,Casual,15.6,No,No,99990
acer,Aspire,Intel,Core i5,Other,8,DDR5,0,512,Windows,32-bit,4,Casual,15.6,No,No,50990
acer,Spin,Intel,Core i5,Other,8,LPDDR4,0,512,Windows,32-bit,0,Casual,15.6,No,No,119990
acer,Swift,Intel,Core i5,10th,8,LPDDR4,0,512,DOS,32-bit,0,Casual,15.6,No,No,94190
ASUS,ROG,Intel,Core i5,10th,8,LPDDR4,0,512,DOS,32-bit,4,Casual,15.6,No,No,106167
DELL,Other,Intel,Core i5,10th,8,LPDDR4,0,512,DOS,32-bit,4,Casual,15.6,No,No,68090
DELL,XPS,Intel,Core i5,10th,8,LPDDR4,0,512,DOS,32-bit,0,ThinNlight,15.6,No,No,139990
HP,15s,Intel,Core i5,10th,8,LPDDR4,0,512,DOS,32-bit,0,ThinNlight,15.6,No,No,55990
HP,Omen,Intel,Core i5,10th,8,LPDDR4,0,512,DOS,32-bit,4,Casual,15.6,No,No,102551
lenovo,Ideapad,Intel,Core i5,10th,8,LPDDR4,0,512,DOS,32-bit,0,Casual,15.6,No,No,72990
Lenovo,Ideapad,Intel,Core i5,10th,8,LPDDR4,0,512,DOS,32-bit,2,Casual,15.6,No,No,46990
MICROSOFT,Surface,Intel,Core i5,10th,8,LPDDR4X,128,0,Windows,64-bit,0,Casual,15.6,Yes,No,100190
Smartron,t.book,Intel,Core i5,7th,8,DDR3,128,0,Windows,64-bit,0,Casual,15.6,Yes,No,52990
MICROSOFT,Surface,Intel,Core i5,8th,8,DDR3,128,0,Windows,64-bit,0,Casual,15.6,Yes,No,91999
Smartron,t.book,Intel,Core i5,7th,4,DDR3,128,0,Windows,64-bit,0,Casual,12.2,Yes,No,52990
HP,Pavilion,Intel,Core i5,8th,8,DDR4,128,0,Windows,64-bit,0,ThinNlight,13.3,No,No,76012
Lenovo,Ideapad,Intel,Core i5,11th,8,DDR4,256,0,Windows,64-bit,0,Casual,15.6,No,Yes,49490
lenovo,Yoga,Intel,Core i5,10th,8,LPDDR4,0,512,DOS,32-bit,0,Casual,15.6,No,No,102990
acer,Swift,Intel,Core i5,7th,8,DDR3,256,0,Windows,64-bit,0,ThinNlight,15.6,No,Yes,86867
LG,Gram,Intel,Core i5,10th,8,DDR4,256,0,Windows,64-bit,0,Casual,15.6,No,No,76990
LG,Gram,Intel,Core i5,11th,8,DDR4,256,0,Windows,64-bit,0,ThinNlight,15.6,No,No,76990
ASUS,VivoBook,Intel,Core i5,11th,8,DDR4,256,0,Windows,64-bit,0,ThinNlight,15.6,No,No,48990
LG,Gram,Intel,Core i5,10th,8,DDR4,256,0,Windows,64-bit,0,Casual,15.6,No,No,62990
DELL,Inspiron,Intel,Core i5,11th,8,DDR4,256,0,Windows,64-bit,0,ThinNlight,15.6,No,No,55990
acer,Swift,Intel,Core i5,8th,8,DDR3,256,0,Windows,64-bit,0,ThinNlight,15.6,Yes,Yes,81998
LG,Gram,Intel,Core i5,11th,8,DDR4,256,0,Windows,64-bit,0,ThinNlight,15.6,No,No,76990
HP,Spectre,Intel,Core i5,8th,8,DDR4,256,0,Windows,64-bit,0,Casual,15.6,Yes,Yes,136590
acer,Swift,Intel,Core i5,8th,8,DDR4,256,0,Windows,64-bit,0,ThinNlight,13.3,No,No,59490
ASUS,VivoBook14,Intel,Core i5,11th,8,DDR4,256,0,Windows,64-bit,0,ThinNlight,14.1,No,No,49800
Lenovo,Ideapad,Intel,Core i5,11th,8,DDR4,256,0,Windows,64-bit,0,Casual,15.6,No,Yes,61999
HP,Other,Intel,Core i5,11th,8,DDR4,512,0,Windows,64-bit,0,ThinNlight,15.6,No,No,54990
HP,Other,Intel,Core i5,11th,8,DDR4,512,0,Windows,64-bit,0,ThinNlight,15.6,No,No,53990
Lenovo,Ideapad,Intel,Core i5,11th,8,DDR4,512,0,Windows,64-bit,0,Casual,14,No,Yes,52990
HP,Pavilion,Intel,Core i5,11th,16,DDR4,512,0,Windows,64-bit,0,ThinNlight,14,No,Yes,67990
ASUS,TUF,Intel,Core i5,10th,8,DDR4,512,0,Windows,64-bit,4,Gaming,15.6,No,No,57990
Lenovo,Ideapad,Intel,Core i5,11th,16,DDR4,512,0,Windows,64-bit,0,ThinNlight,15.6,No,Yes,62300
realme,Book(Slim),Intel,Core i5,11th,8,DDR4,512,0,Windows,64-bit,0,Casual,14,No,Yes,52990
Lenovo,Other,Intel,Core i5,11th,8,DDR4,512,0,Windows,64-bit,0,ThinNlight,15.6,No,No,52990
Lenovo,IdeaPad,Intel,Core i5,11th,8,DDR4,512,0,Windows,64-bit,0,ThinNlight,15.6,No,Yes,51990
Lenovo,IdeaPad,Intel,Core i5,11th,16,DDR4,512,0,Windows,64-bit,0,ThinNlight,14,No,No,61990
RedmiBook,Pro,Intel,Core i5,11th,8,DDR4,512,0,Windows,32-bit,0,ThinNlight,15.6,No,No,48990
ASUS,VivoBook,Intel,Core i5,11th,8,LPDDR4X,512,0,Windows,32-bit,0,Casual,14,Yes,Yes,63990
Lenovo,ThinkPad,Intel,Core i5,11th,8,DDR4,512,0,Windows,64-bit,0,Casual,15.6,No,Yes,65990
Nokia,PureBook,Intel,Core i5,10th,8,DDR4,512,0,Windows,64-bit,0,ThinNlight,14,No,No,47990
acer,Aspire,Intel,Core i5,11th,8,DDR4,512,0,Windows,64-bit,0,ThinNlight,15.6,No,No,52990
Lenovo,IdeaPad,Intel,Core i5,10th,8,DDR4,512,0,Windows,64-bit,0,ThinNlight,15.6,No,No,49990
ASUS,ASUS,Intel,Core i5,11th,8,DDR4,512,0,Windows,64-bit,4,Gaming,17.3,No,No,71990
ASUS,VivoBook,Intel,Core i5,10th,8,DDR4,512,0,Windows,64-bit,0,Casual,15.6,No,No,47990
Nokia,PureBook,Intel,Core i5,10th,8,DDR4,512,0,Windows,64-bit,0,ThinNlight,14,No,No,45990
Lenovo,IdeaPad,Intel,Core i5,10th,8,DDR4,512,0,Windows,32-bit,0,ThinNlight,15.6,No,Yes,48490
ASUS,ASUS,Intel,Core i5,11th,8,DDR4,512,0,Windows,64-bit,4,Gaming,17.3,No,No,72990
MSI,Katana,Intel,Core i5,11th,16,DDR4,512,0,Windows,64-bit,4,Casual,15.6,No,No,76990
ASUS,TUF,Intel,Core i5,11th,16,DDR4,512,0,Windows,64-bit,6,Gaming,15.6,No,Yes,89990
MSI,GF63,Intel,Core i5,10th,8,DDR4,512,0,Windows,64-bit,4,Casual,15.6,No,No,59990
ASUS,TUF,Intel,Core i5,10th,8,DDR4,512,0,Windows,64-bit,4,Gaming,15.6,No,Yes,65990
DELL,Inspiron,Intel,Core i5,11th,8,DDR4,512,0,Windows,64-bit,0,Casual,14,Yes,No,71990
DELL,Inspiron,Intel,Core i5,11th,8,DDR4,512,0,Windows,64-bit,0,Casual,14,Yes,No,71890
Lenovo,IdeaPad,Intel,Core i5,11th,16,DDR4,512,0,Windows,64-bit,0,ThinNlight,15.6,No,No,64990
ASUS,VivoBook,Intel,Core i5,11th,16,DDR4,512,0,Windows,64-bit,0,Casual,14,No,No,65990
HP,Other,Intel,Core i5,11th,8,DDR4,512,0,Windows,64-bit,0,ThinNlight,15.6,No,No,55999
ASUS,VivoBook,Intel,Core i5,11th,16,DDR4,512,0,Windows,64-bit,4,Casual,14,No,No,73490
HP,Pavilion,Intel,Core i5,11th,16,DDR4,512,0,Windows,64-bit,0,ThinNlight,14,No,Yes,74490
HP,Pavilion,Intel,Core i5,11th,8,DDR4,512,0,Windows,64-bit,0,ThinNlight,14,No,Yes,58340
acer,Aspire,Intel,Core i5,11th,8,DDR4,512,0,Windows,64-bit,0,ThinNlight,14,No,No,55999
DELL,Inspiron,Intel,Core i5,11th,16,DDR4,512,0,Windows,64-bit,0,ThinNlight,14,No,No,67990
ASUS,VivoBook,Intel,Core i5,11th,16,DDR4,512,0,Windows,64-bit,0,Casual,14,No,No,59990
ASUS,TUF,Intel,Core i5,11th,16,DDR4,512,0,Windows,64-bit,6,Casual,15.6,No,Yes,82990
DELL,Vostro,Intel,Core i5,11th,8,DDR4,512,0,Windows,64-bit,2,Casual,14,No,Yes,64190
DELL,Other,Intel,Core i5,11th,16,DDR4,512,0,Windows,64-bit,0,ThinNlight,14,No,No,70090
realme,Book(Slim),Intel,Core i5,11th,8,DDR4,512,0,Windows,64-bit,0,Casual,14,No,Yes,60999
ASUS,Other,Intel,Core i5,10th,8,DDR4,512,0,Windows,64-bit,2,ThinNlight,15.6,No,No,49990
MSI,Other,Intel,Core i5,11th,8,DDR4,512,0,Windows,64-bit,0,ThinNlight,14,No,No,55490
HP,Spectre,Intel,Core i5,11th,8,LPDDR4X,512,0,Windows,64-bit,0,Casual,13.3,Yes,No,97990
ASUS,VivoBook,Intel,Core i5,9th,8,DDR4,512,0,Windows,64-bit,4,Gaming,15.6,No,Yes,54990
Lenovo,Thinkbook,Intel,Core i5,11th,8,DDR4,512,0,Windows,64-bit,0,ThinNlight,15,No,Yes,59990
Lenovo,IdeaPad,Intel,Core i5,11th,8,DDR4,512,0,Windows,64-bit,0,ThinNlight,15.6,No,Yes,53990
HP,Pavilion,Intel,Core i5,11th,16,DDR4,512,0,Windows,64-bit,0,ThinNlight,14,No,Yes,66999
acer,Intel,Intel,Core i5,11th,8,LPDDR4X,512,0,Windows,64-bit,0,ThinNlight,14,No,Yes,60990
ASUS,Other,Intel,Core i5,10th,8,DDR4,512,0,Windows,64-bit,0,ThinNlight,15.6,No,Yes,47990
HP,Other,Intel,Core i5,11th,8,DDR4,512,0,Windows,32-bit,0,ThinNlight,14,No,Yes,59999
DELL,G15,Intel,Core i5,10th,16,DDR4,512,0,Windows,64-bit,4,Casual,15.6,No,No,79990
ASUS,TUF,Intel,Core i5,10th,8,DDR4,512,0,Windows,64-bit,4,Gaming,15.6,No,No,63990
HP,Pavilion,Intel,Core i5,11th,8,DDR4,512,0,Windows,64-bit,0,ThinNlight,15.6,No,Yes,63990
ASUS,VivoBook,Intel,Core i5,11th,16,DDR4,512,0,Windows,64-bit,0,Casual,14,No,No,59990
Lenovo,IdeaPad,Intel,Core i5,11th,8,DDR4,512,0,Windows,64-bit,0,ThinNlight,14,No,No,55990
ASUS,VivoBook,Intel,Core i5,11th,16,DDR4,512,0,Windows,64-bit,0,Casual,14,No,No,59990
HP,Pavilion,Intel,Core i5,11th,8,DDR4,512,0,Windows,64-bit,0,ThinNlight,15.6,No,Yes,63990
DELL,Vostro,Intel,Core i5,11th,16,DDR4,512,0,Windows,64-bit,2,Casual,14,No,Yes,69490
DELL,Inspiron,Intel,Core i5,11th,16,DDR4,512,0,Windows,64-bit,0,Casual,14,Yes,Yes,89390
ASUS,ZenBook,Intel,Core i5,11th,8,LPDDR4X,512,0,Windows,64-bit,0,ThinNlight,13.3,No,No,74990
Lenovo,Thinkbook,Intel,Core i5,11th,8,DDR4,512,0,Windows,64-bit,0,Casual,14,Yes,Yes,64990
Lenovo,Legion,Intel,Core i5,10th,8,DDR4,512,0,Windows,64-bit,4,Casual,15.6,No,Yes,66490
DELL,Inspiron,Intel,Core i5,11th,16,DDR4,512,0,Windows,64-bit,2,Casual,15.6,No,Yes,89702
Lenovo,Ideapad,Intel,Core i5,11th,16,DDR4,512,0,Windows,64-bit,2,Casual,15.6,No,Yes,70990
Infinix,INBook,Intel,Core i5,10th,8,LPDDR4X,512,0,Windows,64-bit,0,ThinNlight,14,No,No,42490
ASUS,VivoBook,Intel,Core i5,11th,16,DDR4,512,0,Windows,64-bit,0,Casual,17.3,Yes,Yes,58990
Lenovo,Ideapad,Intel,Core i5,10th,8,DDR4,512,0,Windows,64-bit,2,Casual,15.6,No,Yes,57500
DELL,Inspiron,Intel,Core i5,11th,8,DDR4,512,0,Windows,64-bit,2,Casual,14,Yes,Yes,79990
MSI,Modern,Intel,Core i5,10th,8,DDR4,512,0,Windows,64-bit,0,Casual,14,No,No,56541
ASUS,Other,Intel,Core i5,11th,16,DDR4,512,0,Windows,64-bit,0,ThinNlight,17.3,No,No,59990
Lenovo,ThinkBook,Intel,Core i5,11th,16,DDR4,512,0,Windows,64-bit,0,Casual,13,No,Yes,64990
DELL,Other,Intel,Core i5,11th,8,DDR4,512,0,Windows,64-bit,0,ThinNlight,14,No,No,61290
Lenovo,Other,Intel,Core i5,11th,8,DDR4,512,0,Windows,64-bit,0,ThinNlight,14,No,Yes,54990
Lenovo,ThinkBook,Intel,Core i5,11th,8,DDR4,512,0,Windows,64-bit,0,Casual,15.6,No,Yes,59990
ASUS,ASUS,Intel,Core i5,11th,8,DDR4,512,0,Windows,32-bit,6,Casual,16,No,No,84990
HP,Pavilion,Intel,Core i5,11th,8,DDR4,512,0,Windows,64-bit,0,ThinNlight,16,No,Yes,72500
Lenovo,IdeaPad,Intel,Core i5,11th,8,DDR4,512,0,Windows,64-bit,4,Gaming,15.6,No,No,59990
Lenovo,Yoga,Intel,Core i5,11th,8,DDR4,512,0,Windows,64-bit,0,Casual,16,Yes,Yes,87990
HP,14s,Intel,Core i5,11th,8,DDR4,512,0,Windows,64-bit,0,ThinNlight,15.6,No,No,57990
DELL,Inspiron,Intel,Core i5,11th,8,DDR4,512,0,Windows,64-bit,0,ThinNlight,16,No,Yes,69490
Lenovo,Thinkbook,Intel,Core i5,11th,8,DDR4,512,0,Windows,64-bit,0,Casual,16,Yes,Yes,68990
Lenovo,Other,Intel,Core i5,11th,8,DDR4,512,0,Windows,32-bit,0,Casual,16,No,Yes,77990
ASUS,ZenBook,Intel,Core i5,11th,8,LPDDR4X,512,0,Windows,64-bit,0,Casual,16,Yes,No,105990
MSI,Prestige,Intel,Core i5,11th,8,LPDDR4X,512,0,Windows,64-bit,0,Casual,16,No,No,79990
DELL,Vostro,Intel,Core i5,11th,8,DDR4,512,0,Windows,64-bit,0,ThinNlight,15.6,No,Yes,55490
Lenovo,IdeaPad,Intel,Core i5,11th,8,DDR4,512,0,Windows,64-bit,0,ThinNlight,16,No,Yes,69990
ASUS,Zenbook,Intel,Core i5,11th,8,DDR4,512,0,Windows,64-bit,0,Casual,15.6,Yes,Yes,84990
DELL,Inspiron,Intel,Core i5,11th,8,DDR4,512,0,Windows,64-bit,0,ThinNlight,15.6,No,No,59990
DELL,XPS,Intel,Core i5,10th,8,LPDDR4X,512,0,Windows,64-bit,0,ThinNlight,15.6,No,Yes,111890
DELL,Inspiron,Intel,Core i5,11th,8,DDR4,512,0,Windows,64-bit,2,Casual,15.6,No,No,65990
ASUS,Zenbook,Intel,Core i5,11th,8,LPDDR4X,512,0,Windows,32-bit,0,Casual,15.6,No,Yes,72990
DELL,Inspiron,Intel,Core i5,11th,8,DDR4,512,0,Windows,64-bit,0,ThinNlight,16,No,Yes,71090
MSI,Katana,Intel,Core i5,11th,8,DDR4,512,0,Windows,64-bit,4,Casual,15.6,No,No,74990
ASUS,ZenBook,Intel,Core i5,10th,8,LPDDR3,512,0,Windows,64-bit,0,Casual,15.6,No,Yes,79990
MSI,Modern,Intel,Core i5,11th,8,DDR4,512,0,Windows,64-bit,0,Casual,15.6,No,No,55490
DELL,Vostro,Intel,Core i5,11th,8,DDR4,512,0,Windows,64-bit,2,ThinNlight,15.6,No,Yes,66490
ASUS,VivoBook,Intel,Core i5,11th,8,DDR4,512,0,Windows,64-bit,0,Casual,15.6,No,Yes,53400
DELL,Inspiron,Intel,Core i5,11th,8,DDR4,512,0,Windows,64-bit,0,Casual,15.6,Yes,Yes,74500
DELL,XPS,Intel,Core i5,11th,8,LPDDR4X,512,0,Windows,64-bit,0,ThinNlight,16,No,Yes,114990
DELL,Vostro,Intel,Core i5,11th,8,DDR4,512,0,Windows,64-bit,2,ThinNlight,15.6,No,No,61990
APPLE,MacBook,Intel,Core i5,10th,8,LPDDR4X,512,0,Mac,64-bit,0,Casual,16,No,No,159990
APPLE,MacBook,Intel,Core i5,8th,8,DDR3,512,0,Mac,64-bit,0,Casual,15.6,No,No,172090
MSI,Sword,Intel,Core i5,11th,8,DDR4,512,0,Windows,64-bit,4,Casual,15.6,No,No,74990
MSI,Modern,Intel,Core i5,10th,8,DDR4,512,0,Windows,64-bit,0,Casual,15.6,No,No,56490
Lenovo,ThinkPad,Intel,Core i5,10th,8,DDR4,512,0,Windows,64-bit,0,ThinNlight,16,No,No,147000
Lenovo,Ideapad,Intel,Core i5,11th,8,DDR4,512,0,Windows,64-bit,0,ThinNlight,15.6,No,Yes,55990
HP,Pavilion,Intel,Core i5,11th,8,DDR4,512,0,Windows,64-bit,4,Gaming,15.6,No,Yes,77990
HP,Envy,Intel,Core i5,10th,8,DDR4,512,0,Windows,64-bit,4,Casual,16,No,Yes,106490
Lenovo,IdeaPad,Intel,Core i5,11th,8,DDR4,512,0,Windows,32-bit,2,Casual,16,No,Yes,70990
Lenovo,ThinkPad,Intel,Core i5,11th,8,DDR4,512,0,Windows,64-bit,0,Casual,15.6,No,Yes,64990
acer,Aspire,Intel,Core i5,11th,8,DDR4,512,0,Windows,64-bit,0,Casual,15.6,No,No,57990
ASUS,TUF,Intel,Core i5,10th,8,DDR4,512,0,Windows,64-bit,4,Gaming,15.6,No,No,64990
MSI,Modern,Intel,Core i5,10th,8,DDR4,512,0,Windows,64-bit,0,Casual,15.6,No,No,54990
Vaio,SE,Intel,Core i5,8th,8,DDR4,512,0,Windows,64-bit,0,ThinNlight,15.6,No,Yes,62890
HP,Spectre,Intel,Core i5,11th,8,LPDDR4X,512,0,Windows,64-bit,0,Casual,16,Yes,No,111999
Lenovo,Yoga,Intel,Core i5,10th,8,LPDDR4X,512,0,Windows,64-bit,2,Casual,15.6,No,Yes,70798
Lenovo,Legion,Intel,Core i5,9th,8,DDR4,512,0,Windows,64-bit,4,Casual,15.6,No,No,59990
acer,ConceptD,Intel,Core i5,8th,8,DDR4,512,0,Windows,64-bit,4,Casual,15.6,No,No,99500
HP,14s,Intel,Core i5,10th,8,DDR4,512,0,Windows,64-bit,0,ThinNlight,15.6,No,Yes,55990
ASUS,ZenBook,Intel,Core i5,8th,8,LPDDR3,512,0,Windows,64-bit,0,ThinNlight,15.6,No,No,72990
acer,Swift,Intel,Core i5,8th,8,DDR3,512,0,Windows,64-bit,0,ThinNlight,15.6,No,No,64990
ASUS,Other,Intel,Core i5,11th,8,DDR4,512,0,Windows,64-bit,0,ThinNlight,15.6,No,No,57990
HP,HP,Intel,Core i5,11th,8,DDR4,512,0,Windows,64-bit,2,Casual,16,Yes,Yes,76990
Lenovo,Ideapad,Intel,Core i5,11th,8,DDR4,512,0,Windows,64-bit,0,Casual,15.6,No,Yes,62998
DELL,Inspiron,Intel,Core i5,11th,8,DDR4,512,0,Windows,64-bit,0,Casual,16,Yes,Yes,77990
HP,Spectre,Intel,Core i5,10th,8,DDR4,512,0,Windows,64-bit,0,Casual,15.6,Yes,Yes,114990
DELL,DELL,Intel,Core i5,10th,8,DDR4,512,0,Windows,64-bit,2,Casual,15.6,No,Yes,65990
DELL,Inspiron,Intel,Core i5,11th,8,DDR4,512,0,Windows,64-bit,2,Casual,16,No,Yes,88990
Lenovo,X390,Intel,Core i5,10th,8,DDR4,512,0,Windows,64-bit,0,Casual,15.6,No,No,113590
Mi,Notebook,Intel,Core i5,10th,8,DDR4,512,0,Windows,64-bit,2,Casual,15.6,No,No,54990
ASUS,VivoBook,Intel,Core i5,11th,8,LPDDR4X,512,0,Windows,64-bit,0,Casual,15.6,Yes,Yes,73990
LG,Gram,Intel,Core i5,11th,8,DDR4,512,0,Windows,64-bit,0,ThinNlight,15.6,No,No,86990
HP,Other,Intel,Core i5,11th,8,DDR4,512,0,Windows,64-bit,0,ThinNlight,15.6,No,Yes,61000
ASUS,ZenBook,Intel,Core i5,11th,8,LPDDR4X,512,0,Windows,64-bit,0,Casual,15.6,Yes,No,99990
Lenovo,ThinkPad,Intel,Core i5,11th,8,DDR4,512,0,Windows,64-bit,0,ThinNlight,15.6,No,Yes,67990
DELL,Inspiron,Intel,Core i5,11th,8,DDR4,512,0,Windows,64-bit,0,Casual,15.6,Yes,Yes,70799
Lenovo,ThinkPad,Intel,Core i5,11th,8,DDR4,512,0,Windows,64-bit,0,ThinNlight,15.6,No,Yes,65990
ASUS,VivoBook,Intel,Core i5,8th,8,DDR4,512,0,Windows,64-bit,0,ThinNlight,15.6,No,No,53690
MSI,Modern,Intel,Core i5,11th,8,DDR4,512,0,Windows,64-bit,0,ThinNlight,15.6,No,No,55990
ASUS,VivoBook,Intel,Core i5,11th,8,DDR4,512,0,Windows,64-bit,0,Casual,15.6,No,Yes,53190
Lenovo,IdeaPad,Intel,Core i5,10th,8,DDR4,512,0,Windows,32-bit,2,Casual,15.6,No,Yes,58999
DELL,Inspiron,Intel,Core i5,11th,8,DDR4,512,0,Windows,64-bit,2,ThinNlight,15.6,No,No,71990
HP,Other,Intel,Core i5,11th,8,DDR4,512,0,Windows,32-bit,4,Casual,15.6,No,No,82000
ASUS,ZenBook,Intel,Core i5,11th,8,LPDDR4X,512,0,Windows,64-bit,0,ThinNlight,16,No,No,84990
Lenovo,Thinpad,Intel,Core i5,11th,8,DDR4,512,0,Windows,64-bit,2,Casual,15.6,No,No,89998
ASUS,ZenBook,Intel,Core i5,11th,8,LPDDR4X,512,0,Windows,64-bit,0,Casual,15.6,Yes,No,99990
ASUS,Zenbook,Intel,Core i5,11th,8,LPDDR4X,512,0,Windows,64-bit,0,ThinNlight,15.6,No,No,84990
Lenovo,IdeaPad,Intel,Core i5,10th,8,DDR4,512,0,Windows,64-bit,4,Gaming,15.6,No,No,69899
DELL,Inpiron,Intel,Core i5,10th,8,DDR4,512,0,Windows,64-bit,4,Casual,15.6,No,No,79990
DELL,GAMING,Intel,Core i5,10th,8,DDR4,512,0,Windows,64-bit,4,Casual,15.6,No,No,76300
Lenovo,Ideapad,Intel,Core i5,10th,8,DDR4,512,0,Windows,64-bit,0,Casual,15.6,No,Yes,55999
DELL,Inspiron,Intel,Core i5,11th,8,DDR4,512,0,Windows,64-bit,0,ThinNlight,15.6,No,No,72900
DELL,Inspiron,Intel,Core i5,11th,8,DDR4,512,0,Windows,64-bit,0,Casual,15.6,Yes,Yes,73990
ASUS,ZenBook,Intel,Core i5,11th,8,LPDDR4,512,0,Windows,64-bit,0,ThinNlight,16,No,No,84990
DELL,Other,Intel,Core i5,11th,8,DDR4,512,0,Windows,32-bit,2,Casual,16,No,No,73519
HP,Spectre,Intel,Core i5,10th,8,DDR4,512,0,Windows,64-bit,0,Casual,15.6,Yes,No,126000
lenovo,Yoga,Intel,Core i5,10th,8,LPDDR4,0,512,DOS,32-bit,0,Casual,15.6,No,No,171998
ASUS,ASUS,Intel,Core i5,11th,8,DDR4,512,0,Windows,64-bit,6,Casual,16,No,No,88990
HP,HP,Intel,Core i5,11th,8,DDR4,512,0,Windows,64-bit,0,ThinNlight,16,Yes,Yes,114999
DELL,Inspiron,Intel,Core i5,11th,8,DDR4,512,0,Windows,64-bit,2,Casual,16,Yes,Yes,82990
acer,Intel,Intel,Core i5,11th,8,DDR4,512,0,Windows,64-bit,0,ThinNlight,15.6,Yes,No,109999
Lenovo,Yoga,Intel,Core i5,11th,8,DDR4,512,0,Windows,64-bit,0,ThinNlight,16,Yes,Yes,82990
DELL,Inspiron,Intel,Core i5,11th,8,DDR4,512,0,Windows,64-bit,2,Casual,15.6,Yes,Yes,79990
ASUS,ZenBook,Intel,Core i5,11th,8,LPDDR4X,512,0,Windows,64-bit,0,Casual,16,Yes,No,114990
HP,Spectre,Intel,Core i5,11th,8,LPDDR4X,512,0,Windows,64-bit,0,Casual,16,Yes,No,129999
MSI,GS,Intel,Core i5,8th,8,DDR5,512,0,Windows,32-bit,6,Casual,15.6,No,No,149990
DELL,Inspiron,Intel,Core i5,11th,8,DDR4,512,0,Windows,64-bit,2,Casual,16,No,No,71290
DELL,Inspiron,Intel,Core i5,10th,8,DDR4,512,0,Windows,64-bit,0,ThinNlight,15.6,No,Yes,79500
DELL,Inspiron,Intel,Core i5,10th,8,DDR4,512,0,Windows,64-bit,2,Casual,15.6,No,Yes,82990
DELL,Inspiron,Intel,Core i5,11th,8,DDR4,512,0,Windows,64-bit,2,Casual,15.6,No,Yes,70980
ASUS,ZenBook,Intel,Core i5,11th,8,LPDDR4X,512,0,Windows,64-bit,0,Casual,15.6,Yes,No,99990
HP,430,Intel,Core i5,11th,8,DDR4,512,0,Windows,32-bit,0,Casual,15.6,No,No,94000
DELL,Other,Intel,Core i5,11th,8,DDR4,512,0,Windows,64-bit,2,Casual,16,Yes,No,82990
MSI,Prestige,Intel,Core i5,11th,8,LPDDR4X,512,0,Windows,64-bit,0,Casual,16,No,No,79990
ASUS,Pro,Intel,Core i5,8th,8,DDR4,512,0,Windows,64-bit,0,ThinNlight,15.6,No,No,85990
ASUS,ExpertBook,Intel,Core i5,10th,8,DDR4,512,0,Windows,64-bit,2,Casual,15.6,No,No,86990
ASUS,ZenBook,Intel,Core i5,10th,8,LPDDR3,512,0,Windows,64-bit,2,Casual,15.6,No,Yes,105990
ASUS,ExpertBook,Intel,Core i5,10th,8,LPDDR3,512,0,Windows,64-bit,0,Casual,15.6,No,No,84990
Lenovo,Ideapad,Intel,Core i5,8th,8,DDR4,512,0,Windows,64-bit,2,Casual,15.6,No,Yes,59999
Lenovo,Yoga,Intel,Core i5,11th,8,DDR4,512,0,Windows,64-bit,0,Casual,16,No,Yes,91999
DELL,Inspiron,Intel,Core i5,11th,8,DDR4,512,0,Windows,64-bit,0,Casual,16,Yes,Yes,78900
ASUS,ExpertBook,Intel,Core i5,10th,8,LPDDR3,512,0,Windows,64-bit,0,Casual,15.6,No,No,132790
Nokia,PureBook,Intel,Core i5,11th,16,DDR4,512,0,Windows,64-bit,0,ThinNlight,14,No,No,55990
Lenovo,IdeaPad,Intel,Core i5,11th,8,DDR4,512,0,Windows,64-bit,4,Gaming,15.6,No,No,60990
Avita,Liber,Intel,Core i5,7th,8,DDR4,512,0,Windows,64-bit,0,ThinNlight,13.3,No,No,65556
DELL,Inspiron,Intel,Core i5,11th,16,DDR4,512,0,Windows,64-bit,0,ThinNlight,15.6,No,No,70190
DELL,Other,Intel,Core i5,11th,8,DDR4,512,0,Windows,64-bit,2,Casual,14,Yes,No,79590
Avita,Liber,Intel,Core i5,7th,8,DDR4,512,0,Windows,64-bit,0,ThinNlight,13.3,No,No,65556
ASUS,TUF,Intel,Core i5,11th,8,DDR4,512,0,Windows,64-bit,4,Casual,15.6,No,No,76990
Nokia,PureBook,Intel,Core i5,11th,8,DDR4,512,0,Windows,64-bit,0,ThinNlight,14,No,No,52790
Avita,Liber,Intel,Core i5,7th,8,DDR4,512,0,Windows,64-bit,0,ThinNlight,13.3,No,No,65556
Avita,Liber,Intel,Core i5,8th,8,DDR4,512,0,Windows,64-bit,0,ThinNlight,14,No,No,44990
ASUS,Intel,Intel,Core i5,11th,8,DDR4,512,0,Windows,64-bit,0,Casual,13.3,Yes,Yes,84990
Lenovo,Ideapad,Intel,Core i5,10th,8,DDR4,512,0,Windows,64-bit,2,Casual,14,Yes,Yes,86999
HP,Pavilion,Intel,Core i5,11th,16,DDR4,512,0,Windows,64-bit,2,Casual,15.6,No,No,78000
Avita,Liber,Intel,Core i5,8th,8,DDR4,512,0,Windows,64-bit,0,ThinNlight,14,No,No,73063
Avita,Liber,Intel,Core i5,8th,8,DDR4,512,0,Windows,64-bit,0,ThinNlight,14,No,No,73063
HP,HP,Intel,Core i5,11th,16,DDR4,512,0,Windows,64-bit,4,Casual,14,No,Yes,100990
Lenovo,Ideapad,Intel,Core i5,8th,8,DDR4,512,0,Windows,64-bit,0,ThinNlight,13.3,No,Yes,74990
ASUS,ROG,Intel,Core i5,10th,8,DDR4,512,0,Windows,64-bit,4,Casual,15.6,No,No,75990
Lenovo,Other,Intel,Core i5,11th,8,DDR4,512,0,Windows,32-bit,2,Casual,15.6,No,Yes,84086
ASUS,ASUS,Intel,Core i5,11th,8,DDR4,1024,0,Windows,64-bit,4,Gaming,15.6,No,No,75990
ASUS,TUF,Intel,Core i5,11th,8,DDR4,1024,0,Windows,64-bit,4,Gaming,17.3,No,Yes,77990
ASUS,ROG,Intel,Core i5,10th,8,DDR4,1024,0,Windows,64-bit,4,Casual,15.6,No,No,77990
APPLE,MacBook,Intel,Core i5,10th,16,LPDDR4X,1024,0,Mac,64-bit,0,Casual,13,No,No,179990
APPLE,MacBook,Intel,Core i5,10th,16,LPDDR4X,1024,0,Mac,64-bit,0,Casual,13,No,No,179990
ASUS,ROG,Intel,Core i5,10th,8,DDR4,1024,0,Windows,64-bit,4,Casual,15.6,No,No,82990
ASUS,TUF,Intel,Core i5,11th,8,DDR4,1024,0,Windows,64-bit,4,Casual,16,No,No,87990
ASUS,F17,Intel,Core i5,11th,8,DDR4,1024,0,Windows,64-bit,4,Casual,15.6,No,No,84500
DELL,Inspiron,Intel,Core i5,11th,8,LPDDR4X,1024,0,Windows,64-bit,0,ThinNlight,13.3,No,No,74190
Lenovo,ThinkBook,Intel,Core i5,11th,8,DDR4,1024,0,Windows,64-bit,0,ThinNlight,13.3,No,Yes,64990
Lenovo,ThinkPad,Intel,Core i5,10th,8,DDR4,512,512,Windows,64-bit,0,ThinNlight,16,Yes,No,155411
Lenovo,ThinkPad,Intel,Core i5,10th,8,DDR4,512,512,Windows,64-bit,0,ThinNlight,15.6,Yes,No,125394
acer,Aspire,Intel,Core i5,11th,8,DDR4,0,1024,Windows,64-bit,0,Casual,15.6,No,No,49990
acer,Aspire,Intel,Core i5,11th,8,DDR4,0,1024,Windows,64-bit,0,ThinNlight,14,No,No,46990
DELL,Vostro,Intel,Core i5,11th,8,DDR4,0,1024,Windows,64-bit,0,ThinNlight,14,No,Yes,48990
acer,Aspire,Intel,Core i5,8th,8,DDR4,0,1024,Windows,64-bit,2,Casual,15.6,No,Yes,59999
ASUS,VivoBook,Intel,Core i5,10th,8,DDR4,0,1024,Windows,64-bit,0,ThinNlight,15.6,No,No,46990
MSI,GF63,Intel,Core i5,10th,8,DDR4,0,1024,Windows,64-bit,4,Casual,15.6,No,No,52990
Lenovo,Other,Intel,Core i5,7th,8,DDR4,0,1024,Windows,32-bit,2,Casual,15.6,No,No,57999
Lenovo,B50-70,Intel,Core i5,4th,8,DDR3,0,1024,Windows,64-bit,0,Casual,15.6,No,No,52490
Lenovo,Ideapad,Intel,Core i5,8th,8,DDR4,0,1024,Windows,64-bit,4,Casual,15.6,No,No,56990
acer,Aspire,Intel,Core i5,8th,8,DDR4,0,1024,Windows,64-bit,2,ThinNlight,15.6,No,No,61990
DELL,Other,Intel,Core i5,11th,8,DDR4,0,1024,Windows,32-bit,0,Casual,15.6,No,No,58090
ASUS,ExpertBook,Intel,Core i5,10th,8,DDR4,0,1024,Windows,64-bit,0,Casual,15.6,No,No,56990
acer,Aspire,Intel,Core i5,8th,8,DDR4,0,1024,Windows,64-bit,0,ThinNlight,15.6,No,No,61597
ASUS,Pro,Intel,Core i5,8th,8,DDR4,0,1024,Windows,64-bit,0,ThinNlight,15.6,No,No,81990
ASUS,ExpertBook,Intel,Core i5,10th,8,DDR4,0,1024,Windows,64-bit,0,Casual,15.6,No,No,61249
DELL,Other,Intel,Core i5,11th,8,DDR4,0,1024,Windows,32-bit,0,Casual,15.6,No,No,58990
ASUS,ExpertBook,Intel,Core i5,10th,8,DDR4,0,1024,Windows,64-bit,2,Casual,15.6,No,No,83990
MSI,GE76,Intel,Core i5,10th,8,LPDDR4,0,512,DOS,32-bit,6,Casual,15.6,No,No,291190
MSI,GP65,Intel,Core i5,10th,8,LPDDR4,0,512,DOS,32-bit,6,Casual,15.6,No,No,145990
MSI,GP76,Intel,Core i5,10th,8,LPDDR4,0,512,DOS,32-bit,8,Casual,15.6,No,No,179990
HP,Pavilion,Intel,Core i5,8th,8,DDR4,0,1024,Windows,64-bit,2,Casual,15.6,No,Yes,64990
HP,15q,Intel,Core i5,8th,8,DDR4,0,1024,Windows,64-bit,0,Casual,15.6,No,No,46790
HP,Other,Intel,Core i5,7th,4,DDR4,0,1024,Windows,64-bit,0,Casual,15.6,No,No,44599
acer,Swift,Intel,Core i5,8th,8,DDR4,0,1024,Windows,64-bit,2,Casual,15.6,No,No,72964
HP,250,Intel,Core i5,10th,8,DDR4,0,1024,Windows,32-bit,0,Casual,15.6,No,Yes,48790
acer,Aspire,Intel,Core i5,10th,8,DDR4,0,1024,Windows,64-bit,2,Casual,15.6,No,No,56491
ASUS,VivoBook,Intel,Core i5,11th,8,DDR4,256,1024,Windows,32-bit,0,Casual,15.6,No,Yes,50990
ASUS,VivoBook,Intel,Core i5,10th,8,DDR4,256,1024,Windows,64-bit,4,Gaming,15.6,No,No,55990
acer,Aspire,Intel,Core i5,11th,8,DDR4,256,1024,Windows,64-bit,0,Casual,15.6,No,No,57990
ASUS,VivoBook,Intel,Core i5,11th,8,DDR4,256,1024,Windows,64-bit,0,Casual,15.6,No,No,52990
DELL,Inspiron,Intel,Core i5,11th,8,DDR4,256,1024,Windows,64-bit,0,Casual,15.6,No,No,57990
acer,Aspire,Intel,Core i5,11th,8,DDR4,256,1024,Windows,64-bit,0,ThinNlight,15.6,No,No,56990
acer,Travelmate,Intel,Core i5,11th,8,DDR4,256,1024,Windows,64-bit,0,Casual,14,No,No,55490
DELL,Inspiron,Intel,Core i5,11th,8,DDR4,256,1024,Windows,64-bit,2,Casual,15.6,No,No,62490
ASUS,VivoBook,Intel,Core i5,11th,16,DDR4,256,1024,Windows,64-bit,0,Casual,15.6,No,No,64990
Lenovo,Ideapad,Intel,Core i5,11th,8,DDR4,256,1024,Windows,64-bit,2,Casual,15.6,No,Yes,59990
ASUS,VivoBook,Intel,Core i5,11th,8,DDR4,256,1024,Windows,64-bit,2,Casual,15.6,No,Yes,60190
ASUS,VivoBook,Intel,Core i5,9th,8,DDR4,256,1024,Windows,64-bit,4,Gaming,15.6,No,No,54490
Lenovo,Legion,Intel,Core i5,9th,8,DDR4,256,1024,Windows,64-bit,4,Casual,15.6,No,Yes,60990
DELL,Inspiron,Intel,Core i5,11th,4,DDR4,256,1024,Windows,64-bit,0,ThinNlight,14.9,No,Yes,55790
ASUS,VivoBook,Intel,Core i5,11th,16,DDR4,256,1024,Windows,64-bit,0,Casual,15.6,No,Yes,64990
ASUS,Other,Intel,Core i5,11th,16,DDR4,256,1024,Windows,64-bit,0,ThinNlight,17.3,No,No,58990
DELL,Vostro,Intel,Core i5,11th,8,DDR4,256,1024,Windows,64-bit,0,ThinNlight,14,No,Yes,54990
HP,Pavilion,Intel,Core i5,11th,8,DDR4,256,1024,Windows,64-bit,4,Gaming,15.6,No,Yes,71990
DELL,3511,Intel,Core i5,11th,8,DDR4,256,1024,Windows,64-bit,2,Casual,15.6,No,No,69900
Lenovo,Ideapad,Intel,Core i5,11th,8,DDR4,256,1024,Windows,64-bit,2,Casual,15.6,No,Yes,65990
ASUS,VivoBook,Intel,Core i5,11th,8,DDR4,256,1024,Windows,64-bit,0,Casual,15.6,No,No,49990
DELL,Vostro,Intel,Core i5,11th,8,DDR4,256,1024,Windows,64-bit,0,ThinNlight,15.6,No,Yes,58990
Lenovo,IdeaPad,Intel,Core i5,10th,8,DDR4,256,1024,Windows,64-bit,4,Gaming,15.6,No,No,74590
ASUS,Other,Intel,Core i5,10th,8,DDR4,256,1024,Windows,32-bit,2,Casual,15.6,No,No,58990
ASUS,VivoBook,Intel,Core i5,11th,8,DDR4,256,1024,Windows,64-bit,0,Casual,15.6,No,No,64990
DELL,Inspiron,Intel,Core i5,11th,8,DDR4,256,1024,Windows,64-bit,2,Casual,15.6,No,No,66490
DELL,G3,Intel,Core i5,10th,8,DDR4,256,1024,Windows,64-bit,4,Casual,15.6,No,No,77900
DELL,Inspiron,Intel,Core i5,11th,8,DDR4,256,1024,Windows,64-bit,2,Casual,15.6,No,No,67490
DELL,Vostro,Intel,Core i5,11th,8,DDR4,256,1024,Windows,64-bit,0,ThinNlight,15.6,No,Yes,61990
DELL,Inspiron,Intel,Core i5,11th,8,DDR4,256,1024,Windows,64-bit,0,Casual,15.6,No,Yes,58990
Lenovo,IdeaPad,Intel,Core i5,10th,8,DDR4,256,1024,Windows,64-bit,4,Gaming,15.6,No,No,74999
ASUS,VivoBook,Intel,Core i5,11th,8,DDR4,256,1024,Windows,64-bit,0,Casual,15.6,No,Yes,68900
DELL,Inspiron,Intel,Core i5,11th,8,DDR4,256,1024,Windows,64-bit,2,Casual,15.6,No,No,71695
acer,Travelmate,Intel,Core i5,11th,16,DDR4,256,1024,Windows,64-bit,0,Casual,14,No,No,62490
DELL,Inspiron,Intel,Core i5,8th,8,DDR4,0,2048,Windows,64-bit,2,Casual,15.6,No,Yes,62317
MSI,GS66,Intel,Core i5,10th,8,LPDDR4,0,512,DOS,32-bit,8,Casual,15.6,No,No,207290
DELL,Inspiron,Intel,Core i7,8th,16,DDR4,256,0,Windows,64-bit,4,Casual,15.6,No,Yes,87990
Avita,Liber,Intel,Core i7,8th,8,DDR4,256,0,Windows,64-bit,0,ThinNlight,14,No,No,73990
Avita,Liber,Intel,Core i7,8th,8,DDR4,256,0,Windows,64-bit,0,ThinNlight,14,No,No,73990
Avita,Liber,Intel,Core i7,8th,8,DDR4,256,0,Windows,64-bit,0,ThinNlight,14,No,No,73990
Avita,Liber,Intel,Core i7,8th,8,DDR4,256,0,Windows,64-bit,0,ThinNlight,14,No,No,73990
Avita,Liber,Intel,Core i7,8th,8,DDR4,256,0,Windows,64-bit,0,ThinNlight,14,No,No,73990
Avita,Liber,Intel,Core i7,8th,8,DDR4,256,0,Windows,64-bit,0,ThinNlight,14,No,No,73990
ASUS,VivoBook,Intel,Core i7,10th,16,DDR4,512,0,Windows,64-bit,0,Casual,15.6,No,No,57990
ASUS,VivoBook,Intel,Core i7,10th,8,DDR4,512,0,Windows,64-bit,4,Gaming,15.6,No,No,61990
MSI,GF63,Intel,Core i7,10th,16,DDR4,512,0,Windows,64-bit,4,Casual,15.6,No,No,79990
Lenovo,IdeaPad,Intel,Core i7,10th,8,DDR4,512,0,Windows,64-bit,4,Gaming,15.6,No,Yes,68990
Mi,Notebook,Intel,Core i7,10th,8,DDR4,512,0,Windows,64-bit,2,Casual,14,No,No,59490
Lenovo,IdeaPad,Intel,Core i7,11th,16,DDR4,512,0,Windows,64-bit,0,Casual,14,Yes,Yes,85990
Lenovo,Legion,Intel,Core i7,11th,16,DDR4,512,0,Windows,64-bit,4,Casual,15.6,No,Yes,99990
Infinix,X1,Intel,Core i7,10th,16,LPDDR4X,512,0,Windows,64-bit,8,Casual,14,No,No,54990
ASUS,VivoBook,Intel,Core i7,11th,8,DDR4,512,0,Windows,64-bit,0,Casual,14,No,Yes,77990
Lenovo,IdeaPad,Intel,Core i7,11th,8,DDR4,512,0,Windows,64-bit,4,Gaming,15.6,No,No,79990
HP,Pavilion,Intel,Core i7,11th,16,DDR4,512,0,Windows,64-bit,4,Casual,15.6,No,Yes,93190
ASUS,ZenBook,Intel,Core i7,11th,16,LPDDR4X,512,0,Windows,64-bit,0,Casual,13.3,No,Yes,94990
Lenovo,Thinkbook,Intel,Core i7,11th,16,DDR4,512,0,Windows,64-bit,0,Casual,14,Yes,Yes,84990
MSI,Other,Intel,Core i7,10th,8,DDR4,512,0,Windows,64-bit,0,ThinNlight,14,No,No,57990
HP,Envy,Intel,Core i7,11th,16,DDR4,512,0,Windows,64-bit,0,Casual,13.3,Yes,Yes,102990
DELL,Other,Intel,Core i7,11th,16,DDR4,512,0,Windows,64-bit,4,Casual,16,No,No,99990
ASUS,ASUS,Intel,Core i7,11th,16,DDR4,512,0,Windows,64-bit,4,Gaming,16,No,No,94990
HP,Envy,Intel,Core i7,11th,16,DDR4,512,0,Windows,64-bit,0,Casual,16,Yes,Yes,104000
MSI,Other,Intel,Core i7,11th,16,DDR4,512,0,Windows,64-bit,2,Casual,15.6,No,No,76990
HP,Pavilion,Intel,Core i7,11th,16,DDR4,512,0,Windows,64-bit,4,Gaming,16,No,Yes,90190
Lenovo,Other,Intel,Core i7,11th,16,DDR4,512,0,Windows,32-bit,0,Casual,16,Yes,No,88488
MSI,Prestige,Intel,Core i7,10th,16,DDR4,512,0,Windows,64-bit,4,Casual,16,No,No,109990
MSI,Sword,Intel,Core i7,11th,16,DDR4,512,0,Windows,64-bit,4,Casual,15.6,No,No,86990
MSI,Prestige,Intel,Core i7,11th,16,LPDDR4X,512,0,Windows,64-bit,0,Casual,16,No,No,89990
HP,Spectre,Intel,Core i7,10th,16,LPDDR3,512,0,Windows,64-bit,0,Casual,16,Yes,Yes,239759
ASUS,VivoBook,Intel,Core i7,11th,16,DDR4,512,0,Windows,64-bit,2,Casual,15.6,No,Yes,78990
DELL,XPS,Intel,Core i7,8th,16,DDR3,512,0,Windows,64-bit,0,ThinNlight,16,No,Yes,121890
ASUS,ZenBook,Intel,Core i7,8th,16,LPDDR3,512,0,Windows,64-bit,0,ThinNlight,15.6,No,No,85990
MSI,Katana,Intel,Core i7,11th,16,DDR4,512,0,Windows,64-bit,4,Casual,16,No,No,94990
HP,Pavilion,Intel,Core i7,11th,16,DDR4,512,0,Windows,64-bit,4,Gaming,16,No,Yes,92000
HP,Spectre,Intel,Core i7,10th,16,DDR4,512,0,Windows,64-bit,0,Casual,16,Yes,No,162990
DELL,XPS,Intel,Core i7,11th,16,LPDDR4X,512,0,Windows,64-bit,0,ThinNlight,16,No,Yes,135300
MSI,Modern,Intel,Core i7,11th,16,DDR4,512,0,Windows,64-bit,0,Casual,15.6,No,No,64990
Lenovo,ThinkPad,Intel,Core i7,10th,16,DDR4,512,0,Windows,64-bit,0,ThinNlight,16,No,No,174527
Lenovo,ThinkPad,Intel,Core i7,10th,16,DDR4,512,0,Windows,64-bit,0,ThinNlight,15.6,No,No,162299
DELL,Inspiron,Intel,Core i7,10th,16,DDR4,512,0,Windows,64-bit,0,Casual,15.6,Yes,Yes,109190
HP,Pavilion,Intel,Core i7,11th,16,DDR4,512,0,Windows,64-bit,0,Casual,16,Yes,Yes,99999
MSI,Prestige,Intel,Core i7,10th,16,DDR4,512,0,Windows,64-bit,2,Casual,16,No,No,104990
ASUS,Other,Intel,Core i7,11th,16,LPDDR4X,512,0,Windows,64-bit,0,ThinNlight,16,Yes,No,109990
ASUS,ZenBook,Intel,Core i7,8th,16,DDR3,512,0,Windows,64-bit,0,ThinNlight,16,No,No,99990
Lenovo,Other,Intel,Core i7,8th,16,DDR4,512,0,Windows,64-bit,2,ThinNlight,16,No,No,244801
ASUS,ZenBook,Intel,Core i7,11th,16,LPDDR4X,512,0,Windows,64-bit,0,ThinNlight,16,No,No,94990
Lenovo,Ideapad,Intel,Core i7,8th,16,DDR4,512,0,Windows,64-bit,0,ThinNlight,15.6,No,Yes,86000
Lenovo,Other,Intel,Core i7,10th,16,DDR4,512,0,Windows,32-bit,2,Casual,16,No,No,162399
HP,Other,Intel,Core i7,11th,16,DDR4,512,0,Windows,32-bit,0,Casual,15.6,No,No,119599
Lenovo,Other,Intel,Core i7,10th,16,LPDDR3,512,0,Windows,64-bit,0,ThinNlight,16,No,No,211753
Lenovo,Intel,Intel,Core i7,11th,16,DDR4,512,0,Windows,32-bit,0,Casual,14,No,No,110999
DELL,Other,Intel,Core i7,11th,16,DDR4,512,0,Windows,64-bit,4,Casual,15.6,No,No,99990
ASUS,ZenBook,Intel,Core i7,8th,8,LPDDR3,512,0,Windows,64-bit,0,ThinNlight,13.3,No,No,81990
MSI,GF63,Intel,Core i7,9th,8,DDR4,512,0,Windows,64-bit,4,Casual,15.6,No,No,66990
MSI,GF65,Intel,Core i7,10th,16,DDR4,1024,0,Windows,64-bit,6,Casual,15.6,No,No,84990
ASUS,Zenbook,Intel,Core i7,11th,16,LPDDR4X,1024,0,Windows,64-bit,2,Casual,14,Yes,Yes,104990
ASUS,ZenBook,Intel,Core i7,11th,16,LPDDR4X,1024,0,Windows,64-bit,0,Casual,14,Yes,No,134990
ASUS,ASUS,Intel,Core i7,11th,16,DDR4,1024,0,Windows,64-bit,4,Gaming,15.6,No,No,98990
HP,Envy,Intel,Core i7,10th,16,DDR4,1024,0,Windows,64-bit,6,Casual,15.6,No,Yes,144690
ASUS,ZenBook,Intel,Core i7,11th,16,LPDDR4X,1024,0,Windows,64-bit,0,ThinNlight,13.3,No,No,99990
MSI,Stealth,Intel,Core i7,11th,16,DDR4,1024,0,Windows,64-bit,6,Casual,16,No,No,119990
ASUS,Zephyrus,Intel,Core i7,11th,16,DDR4,1024,0,Windows,32-bit,4,Casual,16,No,No,194990
ASUS,ZenBook,Intel,Core i7,10th,16,LPDDR3,1024,0,Windows,64-bit,2,Casual,16,No,Yes,124990
DELL,Inspiron,Intel,Core i7,11th,16,DDR4,1024,0,Windows,64-bit,2,Casual,16,No,No,122410
HP,Spectre,Intel,Core i7,10th,16,DDR4,1024,0,Windows,64-bit,0,Casual,16,Yes,No,179990
MSI,Summit,Intel,Core i7,11th,16,DDR4,1024,0,Windows,64-bit,4,Casual,16,Yes,No,154990
Lenovo,Yoga,Intel,Core i7,11th,16,LPDDR4X,1024,0,Windows,64-bit,0,Casual,16,No,Yes,122990
ASUS,Other,Intel,Core i7,10th,16,DDR4,1024,0,Windows,64-bit,6,Casual,15.6,Yes,No,224990
MSI,Stealth,Intel,Core i7,12th,16,DDR5,1024,0,Windows,64-bit,8,Casual,15.6,No,No,279990
HP,OMEN,Intel,Core i7,11th,16,DDR4,1024,0,Windows,64-bit,4,Casual,16,No,No,121990
HP,OMEN,Intel,Core i7,11th,16,DDR4,1024,0,Windows,64-bit,4,Casual,16,No,No,116990
Lenovo,Legion,Intel,Core i7,11th,16,DDR4,1024,0,Windows,64-bit,6,Casual,16,No,No,151098
MSI,Pulse,Intel,Core i7,11th,16,DDR4,1024,0,Windows,64-bit,8,Casual,16,No,No,129990
HP,Spectre,Intel,Core i7,11th,16,LPDDR4X,1024,0,Windows,64-bit,0,Casual,16,Yes,No,149999
MSI,Other,Intel,Core i7,12th,16,DDR4,1024,0,Windows,64-bit,6,Casual,16,No,No,139990
acer,Predator,Intel,Core i7,11th,16,DDR4,1024,0,Windows,64-bit,6,Casual,16,No,No,129990
HP,OMEN,Intel,Core i7,11th,16,DDR4,1024,0,Windows,64-bit,8,Casual,16,No,Yes,171990
DELL,Inspiron,Intel,Core i7,11th,16,DDR4,1024,0,Windows,64-bit,2,Casual,16,No,Yes,93955
ASUS,ROG,Intel,Core i7,10th,16,DDR4,1024,0,Windows,64-bit,8,Casual,15.6,No,No,234990
HP,Spectre,Intel,Core i7,11th,16,LPDDR4X,1024,0,Windows,64-bit,0,Casual,16,Yes,Yes,128500
Lenovo,Yoga,Intel,Core i7,11th,16,DDR4,1024,0,Windows,64-bit,0,Casual,16,Yes,Yes,102990
ASUS,ZenBook,Intel,Core i7,11th,16,LPDDR4X,1024,0,Windows,64-bit,0,Casual,16,Yes,No,119990
ASUS,Other,Intel,Core i7,11th,16,DDR4,1024,0,Windows,32-bit,6,Casual,16,No,No,120980
ASUS,Zephyrus,Intel,Core i7,11th,16,DDR4,1024,0,Windows,32-bit,6,Casual,16,No,No,157249
Lenovo,Other,Intel,Core i7,9th,16,DDR4,1024,0,Windows,64-bit,4,ThinNlight,16,No,No,229900
ASUS,ASUS,Intel,Core i7,11th,16,DDR4,1024,0,Windows,64-bit,6,Casual,16,No,No,131500
ASUS,ExpertBook,Intel,Core i7,10th,16,LPDDR3,1024,0,Windows,64-bit,0,Casual,16,No,No,154990
ASUS,ExpertBook,Intel,Core i7,10th,16,LPDDR3,1024,0,Windows,64-bit,0,Casual,16,No,No,165990
Lenovo,Yoga,Intel,Core i7,10th,16,LPDDR4X,1024,0,Windows,64-bit,0,ThinNlight,16,No,No,119990
ASUS,ExpertBook,Intel,Core i7,10th,16,LPDDR3,1024,0,Windows,64-bit,0,Casual,16,No,No,167990
HP,Spectre,Intel,Core i7,11th,16,LPDDR4X,1024,0,Windows,64-bit,0,Casual,16,Yes,No,165000
Avita,Liber,Intel,Core i7,10th,16,DDR4,1024,0,Windows,64-bit,0,ThinNlight,14,No,No,62990
Lenovo,ThinkBook,Intel,Core i7,11th,16,LPDDR4,1024,0,Windows,64-bit,0,Casual,13,No,Yes,85990
HP,HP,Intel,Core i7,11th,16,DDR4,1024,0,Windows,64-bit,2,Casual,13.3,No,Yes,94990
HP,Omen,Intel,Core i7,11th,16,DDR4,1024,0,Windows,64-bit,6,Casual,16.1,No,Yes,136990
Lenovo,Legion,Intel,Core i7,10th,16,DDR4,1024,0,Windows,64-bit,8,Casual,15.6,No,Yes,234990
acer,Predator,Intel,Core i7,10th,16,DDR4,2048,0,Windows,64-bit,8,Casual,16,No,No,159990
ASUS,ExpertBook,Intel,Core i7,10th,16,LPDDR3,2048,0,Windows,64-bit,0,Casual,16,No,No,233990
ASUS,ExpertBook,Intel,Core i7,10th,16,DDR4,0,1024,Windows,64-bit,2,Casual,15.6,No,No,93990
HP,15,Intel,Core i7,8th,16,DDR4,128,1024,Windows,64-bit,4,Casual,15.6,No,No,116941
MSI,GF63,Intel,Core i7,10th,8,DDR4,256,1024,Windows,64-bit,4,Casual,15.6,No,No,63990
ASUS,VivoBook,Intel,Core i7,10th,16,DDR4,256,1024,Windows,64-bit,4,Gaming,15.6,No,No,66990
ASUS,Other,Intel,Core i7,11th,16,DDR4,256,1024,Windows,32-bit,0,ThinNlight,15.6,No,No,82500
acer,Predator,Intel,Core i7,10th,16,DDR4,256,1024,Windows,64-bit,6,Casual,16,No,No,119990
MSI,WF65,Intel,Core i7,10th,16,DDR4,256,1024,Windows,64-bit,4,Casual,16,No,No,159990
ASUS,Pro,Intel,Core i7,8th,16,DDR4,256,1024,Windows,64-bit,0,ThinNlight,15.6,No,No,98912
acer,Predator,Intel,Core i7,11th,16,DDR4,512,1024,Windows,64-bit,4,Casual,15.6,No,No,92990
acer,Predator,Intel,Core i7,11th,16,DDR4,512,1024,Windows,32-bit,6,Casual,15.6,No,No,119990
acer,Predator,Intel,Core i9,11th,32,DDR4,1024,0,Windows,64-bit,8,Casual,15.6,No,No,169990
acer,Predator,Intel,Core i9,11th,16,DDR4,1024,0,Windows,64-bit,6,Casual,15.6,No,No,139990
MSI,Creator,Intel,Core i9,11th,16,DDR4,1024,0,Windows,64-bit,6,Casual,16,No,No,192990
ASUS,ROG,Intel,Core i9,12th,16,DDR5,1024,0,Windows,64-bit,6,Casual,15.6,No,No,299990
ASUS,Other,Intel,Core i9,10th,16,DDR4,1024,0,Windows,64-bit,6,Casual,15.6,Yes,No,269990
ASUS,ASUS,Intel,Core i9,11th,16,DDR4,1024,0,Windows,64-bit,6,Gaming,15.6,No,No,139990
Lenovo,Other,Intel,Core i9,10th,16,DDR4,1024,0,Windows,32-bit,8,Casual,15.6,No,No,265998
ASUS,Zephyrus,Intel,Core i9,11th,16,DDR4,3072,0,Windows,32-bit,6,Casual,15.6,No,No,441990
Smartron,t.book,Intel,Core m3,7th,4,DDR3,128,0,Windows,64-bit,0,Casual,12.2,Yes,No,42990
MSI,Katana,Intel,Core i5,10th,8,LPDDR4,0,512,DOS,32-bit,4,Casual,15.6,No,No,86990
acer,Aspire,AMD,Dual Core,Other,4,DDR4,256,0,Windows,64-bit,0,Casual,15.6,No,No,29990
acer,Dual,AMD,Dual Core,Other,4,DDR4,256,0,Windows,64-bit,0,Casual,15.6,No,No,31990
MSI,Pulse,Intel,Core i5,10th,8,LPDDR4,0,512,DOS,32-bit,6,Casual,15.6,No,No,109990
MSI,Pulse,Intel,Core i5,10th,8,LPDDR4,0,512,DOS,32-bit,4,Casual,15.6,No,No,109590
ASUS,ROG,Intel,Core i7,10th,16,LPDDR4X,0,512,DOS,32-bit,6,Casual,15.6,No,No,146490
HP,Chromebook,Intel,Dual Core,10th,4,DDR4,0,512,DOS,32-bit,0,Casual,15.6,No,No,61745
ASUS,ZenBook,Intel,Ever Screenpad,10th,4,DDR4,0,512,DOS,64-bit,4,Casual,15.6,No,No,209690
ASUS,ZenBook,Intel,Ever Screenpad,10th,4,DDR4,0,512,DOS,64-bit,4,Casual,15.6,No,No,175190
ALIENWARE,Other,Intel,GeForce GTX,10th,8,LPDDR4,0,512,DOS,32-bit,6,Casual,15.6,No,No,199990
DELL,G15,Intel,GeForce GTX,10th,8,LPDDR4,0,512,DOS,32-bit,4,Casual,15.6,No,No,75500
ALIENWARE,Other,Intel,GeForce RTX,10th,8,LPDDR4,0,512,DOS,32-bit,8,Casual,15.6,No,No,345390
ALIENWARE,Other,Intel,GeForce RTX,10th,8,LPDDR4,0,512,DOS,32-bit,6,Casual,15.6,No,No,214790
ALIENWARE,Other,Intel,GeForce RTX,10th,8,LPDDR4,0,512,DOS,32-bit,8,Casual,15.6,No,No,269290
DELL,G15,Intel,GEFORCE RTX,10th,4,DDR4,0,512,DOS,32-bit,4,Casual,15.6,No,No,95990
MSI,GF65,Intel,Hexa Core,Other,16,DDR4,512,0,Windows,64-bit,6,Casual,15.6,No,No,76990
MSI,GF63,Intel,Hexa Core,Other,8,DDR4,256,1024,Windows,64-bit,4,Casual,15.6,No,No,55990
APPLE,MacBook,M1,M1,10th,8,DDR4,256,0,Mac,64-bit,0,Casual,13.3,No,No,85990
APPLE,MacBook,M1,M1,10th,8,DDR4,256,0,Mac,64-bit,0,Casual,13.3,No,No,112990
APPLE,MacBook,M1,M1,10th,16,DDR4,256,0,Mac,64-bit,0,Casual,13.3,No,No,104990
APPLE,MacBook,M1,M1,10th,8,DDR4,256,0,Mac,64-bit,0,Casual,13.3,No,No,112990
APPLE,MacBook,M1,M1,10th,16,DDR4,256,0,Mac,64-bit,0,Casual,13.3,No,No,132990
APPLE,MacBook,M1,M1,10th,16,DDR4,256,0,Mac,64-bit,0,Casual,13.3,No,No,104990
APPLE,MacBook,M1,M1,10th,8,DDR4,256,0,Mac,64-bit,0,Casual,13.3,No,No,85990
APPLE,MacBook,M1,M1,10th,16,DDR4,512,0,Mac,64-bit,0,Casual,13.3,No,No,149990
APPLE,MacBook,M1,M1,10th,8,DDR4,512,0,Mac,64-bit,0,Casual,13.3,No,No,125990
APPLE,MacBook,M1,M1,10th,8,DDR4,512,0,Mac,64-bit,0,Casual,13.3,No,No,103990
APPLE,MacBook,M1,M1,10th,8,DDR4,512,0,Mac,64-bit,0,Casual,13.3,No,No,101990
APPLE,MacBook,M1,M1,10th,8,DDR4,512,0,Mac,64-bit,0,Casual,13.3,No,No,104990
APPLE,MacBook,M1,M1,10th,8,DDR4,512,0,Mac,64-bit,0,Casual,13.3,No,No,131990
APPLE,MacBook,M1,M1,10th,16,DDR4,512,0,Mac,64-bit,0,Casual,13.3,No,No,128990
APPLE,MacBook,M1,M1,10th,16,DDR4,512,0,Mac,64-bit,0,Casual,14.2,No,No,184990
APPLE,MacBook,M1,M1,10th,16,DDR4,512,0,Mac,64-bit,0,Casual,16.2,No,No,225990
APPLE,MacBook,M1,M1,10th,4,DDR4,512,0,Mac,64-bit,0,Casual,16,No,No,124990
APPLE,MacBook,M1,M1,10th,8,DDR4,512,0,Mac,64-bit,0,Casual,13.3,No,No,104990
APPLE,MacBook,M1,M1,10th,8,DDR4,1024,0,Mac,64-bit,0,Casual,13.3,No,No,149990
APPLE,MacBook,M1,M1,10th,16,DDR4,1024,0,Mac,64-bit,0,Casual,13.3,No,No,169990
APPLE,MacBook,M1,M1,10th,16,DDR4,1024,0,Mac,64-bit,0,Casual,14.2,No,No,225990
APPLE,MacBook,M1,M1,10th,16,DDR4,1024,0,Mac,64-bit,0,Casual,16.2,No,No,243990
APPLE,MacBook,M1,M1,10th,32,DDR4,1024,0,Mac,64-bit,0,Casual,16.2,No,No,309990
APPLE,MacBook,M1,M1,10th,16,DDR4,1024,0,Mac,64-bit,0,Casual,14.2,No,No,225990
DELL,G7,Intel,GeForce RTX,10th,8,LPDDR4,0,512,DOS,32-bit,8,Casual,15.6,No,No,179990
acer,Other,Intel,Genuine Windows,10th,4,DDR4,128,0,DOS,32-bit,4,Casual,15.6,No,No,116640
acer,Predator,Intel,Genuine Windows,10th,4,DDR4,0,512,DOS,32-bit,4,Casual,15.6,No,No,129999
ASUS,ASUS,Intel,Pentium Quad,Other,4,LPDDR4X,0,512,Windows,64-bit,0,Casual,15.6,No,No,45990
iball,CompBook,Intel,Pentium Quad,Other,4,DDR3,0,512,Windows,64-bit,0,Casual,15.6,No,No,13990
ASUS,Pentium,Intel,Pentium Quad,Other,4,DDR4,128,0,Windows,32-bit,0,Casual,15.6,Yes,No,58100
ASUS,ASUS,Intel,Pentium Quad,Other,8,LPDDR4X,256,0,Windows,64-bit,0,Casual,13.3,Yes,No,62990
HP,Pentium,Intel,Pentium Quad,Other,8,DDR4,256,0,Windows,64-bit,0,ThinNlight,14,No,Yes,32990
ASUS,VivoBook,Intel,Pentium Quad,Other,4,DDR4,256,0,Windows,64-bit,0,ThinNlight,15.6,No,Yes,33990
acer,Extensa,Intel,Pentium Quad,Other,4,DDR4,256,0,Windows,64-bit,0,Casual,15.6,No,No,30990
DELL,Inspiron,Intel,Pentium Quad,Other,4,DDR4,256,0,Windows,64-bit,0,ThinNlight,15.6,No,No,36000
ASUS,VivoBook,Intel,Pentium Quad,Other,4,DDR4,256,0,Windows,64-bit,0,ThinNlight,15.6,No,Yes,32990
DELL,Inspiron,Intel,Pentium Quad,Other,4,DDR4,256,0,Windows,64-bit,0,Casual,15.6,No,No,35990
ASUS,Pentium,Intel,Pentium Quad,Other,4,LPDDR4,0,1024,Windows,64-bit,0,Casual,15.6,No,No,27990
ASUS,Pentium,Intel,Pentium Quad,Other,4,DDR4,0,1024,Windows,64-bit,0,Casual,15.6,No,No,25990
ASUS,Pentium,Intel,Pentium Quad,Other,4,DDR4,0,1024,Windows,64-bit,0,Casual,15.6,No,No,25990
ASUS,Asus,Intel,Pentium Quad,Other,4,DDR4,0,1024,Windows,64-bit,0,Casual,15.6,No,No,30780
ASUS,VivoBook,Intel,Pentium Silver,Other,4,DDR4,256,0,Windows,64-bit,0,ThinNlight,14,No,No,29990
ASUS,EeeBook,Intel,Pentium Silver,Other,4,DDR4,256,0,Windows,64-bit,0,ThinNlight,15.6,No,No,31990
Lenovo,Legion,Intel,Genuine Windows,10th,4,DDR4,0,512,DOS,32-bit,4,Casual,15.6,No,No,77890
HP,Ryzen,AMD,Ryzen 3,Other,8,DDR4,256,0,Windows,64-bit,0,ThinNlight,15.6,No,No,37990
ASUS,Ryzen,AMD,Ryzen 3,Other,8,DDR4,256,0,Windows,64-bit,0,ThinNlight,15.6,No,No,35990
DELL,Inspiron,AMD,Ryzen 3,Other,8,DDR4,256,0,Windows,64-bit,0,ThinNlight,15.6,No,No,39490
DELL,Inspiron,AMD,Ryzen 3,Other,8,DDR4,256,0,Windows,64-bit,0,ThinNlight,14.96,No,No,36990
DELL,Ryzen,AMD,Ryzen 3,Other,8,DDR4,256,0,Windows,64-bit,0,ThinNlight,15.6,No,No,39990
ASUS,Ryzen,AMD,Ryzen 3,Other,4,DDR4,256,0,Windows,64-bit,0,ThinNlight,15.6,No,No,33690
DELL,Inspiron,AMD,Ryzen 3,Other,8,DDR4,256,0,Windows,64-bit,0,ThinNlight,15.6,No,No,40590
ASUS,VivoBook,AMD,Ryzen 3,Other,4,DDR4,256,0,Windows,64-bit,0,Casual,15.6,No,No,37990
ASUS,VivoBook,AMD,Ryzen 3,Other,4,DDR4,256,0,Windows,64-bit,0,ThinNlight,15.6,No,Yes,34500
acer,Aspire,AMD,Ryzen 3,Other,8,DDR4,512,0,Windows,64-bit,0,Casual,15.6,No,No,36990
HP,Ryzen,AMD,Ryzen 3,Other,8,DDR4,512,0,Windows,64-bit,0,ThinNlight,14,No,No,43490
HP,Ryzen,AMD,Ryzen 3,Other,8,DDR4,512,0,Windows,64-bit,0,ThinNlight,15.6,No,Yes,41490
acer,Aspire,AMD,Ryzen 3,Other,4,DDR4,512,0,Windows,64-bit,0,Casual,15.6,No,No,34990
HP,15s,AMD,Ryzen 3,Other,4,DDR4,512,0,Windows,64-bit,0,ThinNlight,15.6,No,Yes,44490
DELL,Vostro,AMD,Ryzen 3,Other,4,DDR4,512,0,Windows,64-bit,0,ThinNlight,15.6,No,No,40590
DELL,Inspiron,AMD,Ryzen 3,Other,8,DDR4,512,0,Windows,64-bit,0,ThinNlight,15.6,No,No,42090
DELL,Vostro,AMD,Ryzen 3,Other,8,DDR4,0,1024,Windows,64-bit,0,ThinNlight,14,No,Yes,35990
HP,15s,AMD,Ryzen 3,Other,8,DDR4,0,1024,Windows,64-bit,0,ThinNlight,15.6,No,Yes,39490
DELL,Inspiron,AMD,Ryzen 3,Other,8,DDR4,0,1024,Windows,64-bit,0,ThinNlight,15.6,No,No,37390
DELL,Inspiron,AMD,Ryzen 3,Other,4,DDR4,0,1024,Windows,64-bit,0,ThinNlight,15.6,No,Yes,52632
DELL,Inspiron,AMD,Ryzen 3,Other,4,DDR4,0,1024,Windows,64-bit,0,Casual,15.6,No,Yes,39990
DELL,DELL,AMD,Ryzen 3,Other,4,DDR4,0,1024,Windows,64-bit,0,Casual,15.6,No,No,43990
HP,15q,AMD,Ryzen 3,Other,4,DDR4,0,1024,Windows,64-bit,0,Casual,15.6,No,No,32917
Lenovo,Ryzen,AMD,Ryzen 3,Other,4,DDR4,0,1024,Windows,64-bit,0,Casual,15.6,No,No,34990
DELL,Inspiron,AMD,Ryzen 3,Other,8,DDR4,0,1024,Windows,64-bit,0,ThinNlight,14.96,No,No,39990
HP,15s,AMD,Ryzen 3,Other,8,DDR4,256,1024,Windows,64-bit,0,Casual,15.6,No,Yes,41999
HP,Chromebook,MediaTek,MediaTek Kompanio,10th,4,DDR4,0,512,DOS,32-bit,0,Casual,15.6,No,No,22990
HP,Chromebook,MediaTek,MediaTek Kompanio,10th,4,LPDDR4X,0,512,DOS,32-bit,0,Casual,15.6,No,No,22490
HP,Chromebook,MediaTek,MediaTek Kompanio,10th,4,LPDDR4X,0,512,DOS,32-bit,0,Casual,15.6,No,No,22990
MICROSOFT,Surface,AMD,Ryzen 5,Other,4,DDR4,128,0,Windows,64-bit,0,Casual,15.6,Yes,No,99990
DELL,Vostro,AMD,Ryzen 5,Other,8,DDR4,256,0,Windows,64-bit,0,Casual,14,No,Yes,41990
DELL,Inspiron,AMD,Ryzen 5,Other,8,DDR4,256,0,Windows,64-bit,0,ThinNlight,15.6,No,No,44490
DELL,Inspiron,AMD,Ryzen 5,Other,8,DDR4,256,0,Windows,64-bit,0,Casual,15.6,No,Yes,41990
DELL,Vostro,AMD,Ryzen 5,Other,8,DDR4,256,0,Windows,64-bit,0,ThinNlight,14,No,Yes,44490
MSI,Modern,AMD,Ryzen 5,Other,4,DDR4,256,0,Windows,64-bit,0,Casual,15.6,No,No,49990
DELL,Inspiron,AMD,Ryzen 5,Other,4,DDR4,256,0,Windows,64-bit,0,ThinNlight,15.6,No,No,44390
HP,Pavilion,AMD,Ryzen 5,Other,8,DDR4,512,0,Windows,64-bit,4,Casual,15.6,No,No,57990
Lenovo,IdeaPad,AMD,Ryzen 5,Other,8,DDR4,512,0,Windows,64-bit,4,Gaming,15.6,No,Yes,56990
Lenovo,IdeaPad,AMD,Ryzen 5,Other,8,DDR4,512,0,Windows,64-bit,0,ThinNlight,15.6,No,No,48990
HP,Ryzen,AMD,Ryzen 5,Other,8,DDR4,512,0,Windows,64-bit,0,ThinNlight,14,No,Yes,49970
MSI,Modern,AMD,Ryzen 5,Other,8,DDR4,512,0,Windows,64-bit,0,Casual,14,No,No,47990
HP,Ryzen,AMD,Ryzen 5,Other,8,DDR4,512,0,Windows,64-bit,0,ThinNlight,15.6,No,Yes,48990
acer,Swift,AMD,Ryzen 5,Other,8,LPDDR4X,512,0,Windows,64-bit,0,ThinNlight,14,No,No,53990
Lenovo,IdeaPad,AMD,Ryzen 5,Other,8,DDR4,512,0,Windows,64-bit,0,Casual,15.6,No,Yes,52990
acer,Aspire,AMD,Ryzen 5,Other,8,DDR4,512,0,Windows,64-bit,0,Casual,15.6,No,No,43990
Lenovo,Ideapad,AMD,Ryzen 5,Other,8,DDR4,512,0,Windows,64-bit,4,Gaming,15.6,No,No,59490
MSI,Bravo,AMD,Ryzen 5,Other,8,DDR4,512,0,Windows,64-bit,4,Casual,15.6,No,No,64990
DELL,Vostro,AMD,Ryzen 5,Other,8,DDR4,512,0,Windows,64-bit,0,ThinNlight,14,No,No,47490
HP,HP,AMD,Ryzen 5,Other,8,DDR4,512,0,Windows,64-bit,4,Casual,15.6,No,No,59990
Lenovo,Legion,AMD,Ryzen 5,Other,8,DDR4,512,0,Windows,64-bit,4,Casual,15.6,No,No,69990
HP,15-ec1105AX,AMD,Ryzen 5,Other,8,DDR4,512,0,Windows,64-bit,4,Casual,15.6,No,No,58990
DELL,Vostro,AMD,Ryzen 5,Other,8,DDR4,512,0,Windows,64-bit,0,ThinNlight,14,No,No,59490
HP,Pavilion,AMD,Ryzen 5,Other,16,DDR4,512,0,Windows,64-bit,0,ThinNlight,15.6,No,Yes,67500
HP,Ryzen,AMD,Ryzen 5,Other,8,DDR4,512,0,Windows,32-bit,0,Casual,15.6,No,No,48990
ASUS,VivoBook,AMD,Ryzen 5,Other,8,DDR4,512,0,Windows,64-bit,0,Casual,14,Yes,Yes,62450
ASUS,VivoBook,AMD,Ryzen 5,Other,8,DDR4,512,0,Windows,64-bit,0,Casual,14,No,No,58990
ASUS,APU,AMD,Quad,10th,4,DDR4,0,512,DOS,32-bit,0,Casual,15.6,No,No,19990
HP,Pavilion,AMD,Ryzen 5,Other,8,DDR4,512,0,Windows,64-bit,0,ThinNlight,15.6,No,Yes,57999
ASUS,VivoBook,AMD,Ryzen 5,Other,16,DDR4,512,0,Windows,64-bit,0,Casual,15.6,No,No,56990
HP,Pavilion,AMD,Ryzen 5,Other,8,DDR4,512,0,Windows,64-bit,4,Casual,15.6,No,Yes,72990
HP,Pavilion,AMD,Ryzen 5,Other,16,DDR4,512,0,Windows,64-bit,0,Casual,13.3,No,Yes,65990
HP,Envy,AMD,Ryzen 5,Other,16,DDR4,512,0,Windows,64-bit,0,Casual,13.3,Yes,Yes,98020
HP,Pavilion,AMD,Ryzen 5,Other,16,DDR4,512,0,Windows,64-bit,2,Casual,14,No,Yes,63990
ASUS,Ryzen,AMD,Ryzen 5,Other,8,DDR4,512,0,Windows,32-bit,0,ThinNlight,15.6,No,Yes,49890
DELL,Inspiron,AMD,Ryzen 5,Other,8,DDR4,512,0,Windows,64-bit,0,ThinNlight,15.6,No,Yes,49990
DELL,Vostro,AMD,Ryzen 5,Other,8,DDR4,512,0,Windows,64-bit,0,ThinNlight,14,No,Yes,59490
HP,Envy,AMD,Ryzen 5,Other,8,DDR4,512,0,Windows,64-bit,0,Casual,13.3,Yes,Yes,73999
DELL,Inspiron,AMD,Ryzen 5,Other,4,DDR4,512,0,Windows,64-bit,0,ThinNlight,15.6,No,Yes,60990
DELL,G5,AMD,Ryzen 5,Other,4,DDR4,512,0,Windows,64-bit,6,Casual,15.6,No,No,76190
Lenovo,Yoga,AMD,Ryzen 5,Other,4,LPDDR4X,512,0,Windows,64-bit,0,ThinNlight,16,Yes,Yes,74798
ASUS,VivoBook,AMD,Ryzen 5,Other,4,DDR4,512,0,Windows,64-bit,0,Casual,15.6,No,No,58990
HP,Ryzen,AMD,Ryzen 5,Other,4,DDR4,512,0,Windows,32-bit,4,Casual,15.6,No,No,68100
Lenovo,Yoga,AMD,Ryzen 5,Other,4,DDR4,512,0,Windows,64-bit,0,ThinNlight,16,Yes,Yes,77990
HP,Pavilion,AMD,Ryzen 5,Other,4,DDR4,512,0,Windows,64-bit,0,ThinNlight,15.6,No,Yes,55090
ASUS,Zenbook,AMD,Ryzen 5,Other,4,LPDDR4X,512,0,Windows,64-bit,0,Casual,16,Yes,No,91990
HP,Pavilion,AMD,Ryzen 5,Other,4,DDR4,512,0,Windows,64-bit,0,Casual,16,No,Yes,84208
acer,Aspire,AMD,Ryzen 5,Other,4,DDR4,512,0,Windows,64-bit,0,Casual,15.6,No,No,44990
HP,15s,AMD,Ryzen 5,Other,4,DDR4,512,0,Windows,64-bit,0,ThinNlight,15.6,No,Yes,53490
Lenovo,Legion,AMD,Ryzen 5,Other,4,DDR4,512,0,Windows,64-bit,4,Casual,15.6,No,No,76498
DELL,Ryzen,AMD,Ryzen 5,Other,4,DDR4,512,0,Windows,64-bit,4,Casual,15.6,No,No,98920
MSI,Modern,AMD,Ryzen 5,Other,4,DDR4,512,0,Windows,64-bit,0,Casual,15.6,No,No,54990
acer,Aspire,AMD,Ryzen 5,Other,4,DDR4,512,0,Windows,64-bit,0,Casual,15.6,No,No,49990
HP,Ryzen,AMD,Ryzen 5,Other,4,DDR4,512,0,Windows,32-bit,0,Casual,15.6,No,No,52380
acer,Aspire,AMD,Ryzen 5,Other,4,DDR4,512,0,Windows,64-bit,0,ThinNlight,15.6,No,No,49990
HP,14s,AMD,Ryzen 5,Other,4,DDR4,512,0,Windows,64-bit,0,ThinNlight,15.6,No,Yes,52500
Vaio,E,AMD,Ryzen 5,Other,4,DDR4,512,0,Windows,64-bit,0,ThinNlight,15.6,No,Yes,49590
ASUS,Ryzen,AMD,Ryzen 5,Other,4,DDR4,512,0,Windows,64-bit,0,ThinNlight,15.6,No,Yes,49990
acer,Aspire,AMD,Ryzen 5,Other,4,DDR4,512,0,Windows,64-bit,0,ThinNlight,15.6,No,No,75999
ASUS,AMD,AMD,Ryzen 5,Other,4,DDR4,512,0,Windows,64-bit,0,Casual,16,No,No,80990
Lenovo,IDEAPAD,AMD,Ryzen 5,Other,4,DDR4,512,0,Windows,32-bit,0,Casual,15.6,No,No,59900
HP,15s,AMD,Ryzen 5,Other,4,DDR4,512,0,Windows,64-bit,0,ThinNlight,15.6,No,Yes,54590
DELL,Inspiron,AMD,Ryzen 5,Other,4,DDR4,512,0,Windows,64-bit,0,Casual,15.6,Yes,Yes,75500
HP,Ryzen,AMD,Ryzen 5,Other,8,DDR4,512,0,Windows,64-bit,0,ThinNlight,15.6,No,Yes,51890
ASUS,VivoBook,AMD,Ryzen 5,Other,16,DDR4,512,0,Windows,64-bit,0,Casual,17.3,No,No,78000
Vaio,E,AMD,Ryzen 5,Other,8,DDR4,512,0,Windows,64-bit,0,ThinNlight,15.6,No,Yes,50990
HP,Pavilion,AMD,Ryzen 5,Other,16,DDR4,512,0,Windows,64-bit,0,ThinNlight,14,No,Yes,59999
HP,Pavilion,AMD,Ryzen 5,Other,8,DDR4,512,0,Windows,64-bit,4,Gaming,15.6,No,Yes,64990
DELL,Ryzen,AMD,Ryzen 5,Other,4,DDR4,1024,0,Windows,32-bit,0,Casual,15.6,No,No,57900
Lenovo,Yoga,AMD,Ryzen 5,Other,4,LPDDR4X,1024,0,Windows,64-bit,0,ThinNlight,16,Yes,Yes,81978
HP,Pavilion,AMD,Ryzen 5,Other,4,DDR4,0,1024,Windows,64-bit,4,Gaming,15.6,No,No,59990
DELL,Inspiron,AMD,Ryzen 5,Other,8,DDR4,256,1024,Windows,64-bit,0,Casual,15.6,No,No,49490
ASUS,VivoBook,AMD,Ryzen 5,Other,8,DDR4,256,1024,Windows,64-bit,0,Casual,15.6,No,No,54990
Lenovo,Legion,AMD,Ryzen 5,Other,8,DDR4,256,1024,Windows,64-bit,4,Casual,15.6,No,No,68500
ASUS,VivoBook,AMD,Ryzen 5,Other,8,DDR4,256,1024,Windows,64-bit,0,Casual,15.6,No,No,54990
ASUS,VivoBook,AMD,Ryzen 5,Other,8,DDR4,256,1024,Windows,32-bit,0,Casual,15.6,No,Yes,54990
Lenovo,Ideapad,AMD,Ryzen 5,Other,8,DDR4,256,1024,Windows,64-bit,0,Gaming,15.6,No,Yes,63990
HP,Pavilion,AMD,Ryzen 5,Other,4,DDR4,256,1024,Windows,64-bit,4,Gaming,15.6,No,No,80000
DELL,Ryzen,AMD,Ryzen 5,Other,4,DDR4,256,1024,Windows,32-bit,0,Casual,15.6,No,No,51990
ASUS,VivoBook,AMD,Ryzen 5,Other,4,DDR4,256,1024,Windows,64-bit,0,Casual,15.6,No,Yes,62990
HP,Ryzen,AMD,Ryzen 5,Other,4,DDR4,256,1024,Windows,64-bit,0,ThinNlight,15.6,No,No,52990
ASUS,Ryzen,AMD,Ryzen 5,Other,4,DDR4,256,1024,Windows,64-bit,0,ThinNlight,15.6,No,Yes,75100
ASUS,ASUS,AMD,Ryzen 7,Other,16,DDR4,512,0,Windows,32-bit,4,Gaming,17.3,No,No,76990
ASUS,Ryzen,AMD,Ryzen 7,Other,16,DDR4,512,0,Windows,64-bit,4,Casual,14,No,No,79990
ASUS,ROG,AMD,Ryzen 7,Other,8,DDR4,512,0,Windows,64-bit,4,Casual,15.6,No,No,71990
ASUS,ROG,AMD,Ryzen 7,Other,8,DDR4,512,0,Windows,64-bit,4,Casual,15.6,No,No,71990
Lenovo,Lenovo,AMD,Ryzen 7,Other,16,DDR4,512,0,Windows,64-bit,4,Casual,15.6,No,Yes,99990
ASUS,Ryzen,AMD,Ryzen 7,Other,16,DDR4,512,0,Windows,64-bit,0,Casual,14,No,No,79990
DELL,Ryzen,AMD,Ryzen 7,Other,16,DDR4,512,0,Windows,64-bit,4,Casual,15.6,No,No,93990
ASUS,ASUS,AMD,Ryzen 7,Other,16,DDR4,512,0,Windows,64-bit,4,Gaming,17.3,No,No,82990
ASUS,ROG,AMD,Ryzen 7,Other,4,DDR5,512,0,Windows,64-bit,4,Casual,16,No,No,106990
ASUS,VivoBook,AMD,Ryzen 7,Other,4,DDR4,512,0,Windows,64-bit,0,Casual,16,No,No,92990
Lenovo,IdeaPad,Intel,Ryzen 7,Other,4,DDR4,512,0,Windows,32-bit,4,Casual,16,No,Yes,81490
ASUS,VivoBook,AMD,Ryzen 7,Other,4,DDR4,512,0,Windows,64-bit,0,Casual,16,No,Yes,56990
MSI,Modern,AMD,Ryzen 7,Other,4,DDR4,512,0,Windows,64-bit,0,Casual,15.6,No,No,64990
Lenovo,Ideapad,AMD,Ryzen 7,Other,4,DDR4,512,0,Windows,64-bit,0,Casual,15.6,No,Yes,60990
Lenovo,Ryzen,AMD,Ryzen 7,Other,4,DDR4,512,0,Windows,64-bit,4,Casual,16,No,Yes,84988
HP,Pavilion,AMD,Ryzen 7,Other,4,DDR4,512,0,Windows,64-bit,4,Casual,16,No,No,90990
Vaio,E,AMD,Ryzen 7,Other,4,DDR4,512,0,Windows,64-bit,0,ThinNlight,15.6,No,Yes,56990
ASUS,VivoBook,AMD,Ryzen 7,Other,4,DDR4,512,0,Windows,64-bit,0,Casual,15.6,No,No,63990
Lenovo,Ideapad,AMD,Ryzen 7,Other,4,DDR4,512,0,Windows,64-bit,0,Casual,15.6,No,Yes,63990
HP,Ryzen,AMD,Ryzen 7,Other,4,DDR4,512,0,Windows,64-bit,0,ThinNlight,15.6,No,Yes,57999
ASUS,Ryzen,AMD,Ryzen 7,Other,4,DDR4,512,0,Windows,32-bit,4,Casual,15.6,No,No,72400
Lenovo,Yoga,AMD,Ryzen 7,Other,4,DDR4,512,0,Windows,64-bit,0,Casual,16,Yes,No,78990
acer,Aspire,AMD,Ryzen 7,Other,4,DDR4,512,0,Windows,64-bit,0,ThinNlight,15.6,No,No,59990
ASUS,ROG,AMD,Ryzen 7,Other,4,DDR5,512,0,Windows,32-bit,4,Casual,16,No,No,111990
HP,Ryzen,AMD,Ryzen 7,Other,4,DDR4,512,0,Windows,32-bit,0,Casual,16,Yes,No,109000
DELL,G5,AMD,Ryzen 7,Other,4,DDR4,512,0,Windows,64-bit,6,Casual,16,No,No,89990
Lenovo,Yoga,AMD,Ryzen 7,Other,4,DDR4,512,0,Windows,64-bit,0,Casual,16,Yes,Yes,78988
Lenovo,Ryzen,AMD,Ryzen 7,Other,4,DDR4,512,0,Windows,64-bit,4,Casual,16,No,No,73138
Lenovo,Ryzen,AMD,Ryzen 7,Other,4,DDR4,512,0,Windows,64-bit,4,Casual,16,No,No,106990
ASUS,Ryzen,AMD,Ryzen 7,Other,4,DDR4,512,0,Windows,32-bit,4,Casual,15.6,No,No,79990
DELL,Inspiron,AMD,Ryzen 7,Other,4,DDR4,512,0,Windows,64-bit,0,Casual,16,Yes,Yes,89570
HP,15s,AMD,Ryzen 7,Other,4,DDR4,512,0,Windows,64-bit,0,ThinNlight,15.6,No,Yes,68500
Lenovo,Ideapad,AMD,Ryzen 7,Other,16,DDR4,512,0,Windows,64-bit,0,Casual,14,No,No,73400
Vaio,E,AMD,Ryzen 7,Other,8,DDR4,512,0,Windows,64-bit,0,ThinNlight,15.6,No,Yes,57990
HP,Pavilion,AMD,Ryzen 7,Other,16,DDR4,512,0,Windows,64-bit,2,Casual,14,No,Yes,79990
HP,Pavilion,AMD,Ryzen 7,Other,16,DDR4,512,0,Windows,64-bit,4,Gaming,15.6,No,Yes,84990
MSI,Alpha,AMD,Ryzen 7,Other,16,DDR4,1024,0,Windows,64-bit,8,Casual,15.6,No,No,99990
ASUS,ROG,AMD,Ryzen 7,Other,8,LPDDR4X,1024,0,Windows,64-bit,4,Casual,14,No,No,72990
HP,HP,AMD,Ryzen 7,Other,16,DDR4,1024,0,Windows,64-bit,0,ThinNlight,13.3,Yes,Yes,92990
HP,Pavilion,AMD,Ryzen 7,Other,16,DDR4,1024,0,Windows,64-bit,0,ThinNlight,13.3,No,Yes,84190
ASUS,Zenbook,AMD,Ryzen 7,Other,16,LPDDR4X,1024,0,Windows,64-bit,0,Casual,14,Yes,No,112990
ASUS,ROG,AMD,Ryzen 7,Other,4,DDR5,1024,0,Windows,32-bit,4,Casual,16,No,No,114990
acer,Swift,AMD,Ryzen 7,Other,4,DDR4,1024,0,Windows,64-bit,4,Casual,16,No,No,99990
ASUS,TUF,AMD,Ryzen 7,Other,4,DDR4,1024,0,Windows,32-bit,4,Gaming,15.6,No,No,95990
HP,OMEN,AMD,Ryzen 7,Other,4,DDR4,1024,0,Windows,64-bit,8,Casual,16,No,No,159990
ASUS,ROG,AMD,Ryzen 7,Other,4,DDR4,1024,0,Windows,64-bit,0,Casual,15.6,No,Yes,76990
Lenovo,Legion,AMD,Ryzen 7,Other,4,DDR4,1024,0,Windows,64-bit,6,Casual,16,No,Yes,130990
ASUS,VivoBook,AMD,Ryzen 7,Other,4,DDR4,1024,0,Windows,64-bit,0,Casual,16,No,No,99990
ASUS,ROG,AMD,Ryzen 7,Other,4,DDR5,1024,0,Windows,64-bit,4,Casual,16,No,No,112990
Lenovo,Ideapad,AMD,Ryzen 7,Other,4,DDR4,1024,0,Windows,64-bit,0,Casual,16,No,Yes,77988
ASUS,ROG,AMD,Ryzen 7,Other,4,DDR4,1024,0,Windows,64-bit,0,Casual,15.6,No,Yes,76000
ASUS,ROG,AMD,Ryzen 7,Other,4,LPDDR4X,1024,0,Windows,64-bit,4,Casual,16,Yes,No,99990
ASUS,Zephyrus,AMD,Ryzen 7,Other,4,DDR4,1024,0,Windows,64-bit,0,Casual,15.6,No,No,111000
ASUS,Ryzen,AMD,Ryzen 7,Other,16,LPDDR4X,1024,0,Windows,64-bit,0,ThinNlight,13.3,No,Yes,84970
HP,Pavilion,AMD,Ryzen 7,Other,16,DDR4,256,1024,Windows,64-bit,4,Gaming,15.6,No,Yes,75990
acer,Nitro,AMD,Ryzen 7,Other,16,DDR4,256,1024,Windows,64-bit,6,Casual,15.6,No,No,89990
acer,Nitro,AMD,Ryzen 7,Other,16,DDR4,256,1024,Windows,64-bit,4,Casual,15.6,No,No,81990
Lenovo,Ryzen,AMD,Ryzen 7,Other,4,DDR4,512,1024,Windows,32-bit,0,Casual,16,No,No,80490
ASUS,ROG,AMD,Ryzen 9,Other,16,DDR4,1024,0,Windows,64-bit,6,Casual,15.6,No,No,135990
ASUS,ROG,AMD,Ryzen 9,Other,16,DDR4,1024,0,Windows,32-bit,0,Casual,15.6,No,No,154990
ASUS,ROG,AMD,Ryzen 9,Other,16,DDR4,1024,0,Windows,64-bit,8,Casual,15.6,No,Yes,199990
ASUS,ROG,AMD,Ryzen 9,Other,16,DDR4,1024,0,Windows,64-bit,4,Casual,15.6,No,No,114990
ASUS,ROG,AMD,Ryzen 9,Other,16,DDR4,1024,0,Windows,64-bit,6,Casual,15.6,No,Yes,129990
ASUS,ROG,AMD,Ryzen 9,Other,16,LPDDR4X,1024,0,Windows,64-bit,4,Casual,13.4,Yes,Yes,114990
MSI,Delta,AMD,Ryzen 9,Other,4,DDR4,1024,0,Windows,64-bit,0,Casual,16,No,No,146990
ASUS,VivoBook,AMD,Ryzen 9,Other,4,DDR4,1024,0,Windows,64-bit,0,Casual,16,No,No,104990
ASUS,ROG,AMD,Ryzen 9,Other,4,LPDDR4X,1024,0,Windows,64-bit,4,Casual,16,Yes,No,114990
ASUS,ROG,AMD,Ryzen 9,Other,4,LPDDR4X,1024,0,Windows,64-bit,4,Casual,16,Yes,Yes,124990
ASUS,Zenbook,AMD,Ryzen 9,Other,4,LPDDR4X,1024,0,Windows,64-bit,0,Casual,16,Yes,No,134990
HP,OMEN,AMD,Ryzen 9,Other,4,DDR4,1024,0,Windows,64-bit,8,Casual,16,No,Yes,141990
ASUS,Rog,AMD,Ryzen 9,Other,4,DDR4,1024,0,Windows,64-bit,0,Casual,16,No,No,129990
ASUS,ROG,AMD,Ryzen 9,Other,4,LPDDR4X,1024,0,Windows,64-bit,4,Casual,15.6,Yes,Yes,142990
ASUS,Zephyrus,AMD,Ryzen 9,Other,4,DDR4,1024,0,Windows,64-bit,0,Casual,16,No,No,121990
ASUS,ROG,AMD,Ryzen 9,Other,4,LPDDR4X,1024,0,Windows,64-bit,4,Casual,15.6,Yes,Yes,124990
ASUS,ROG,AMD,Ryzen 9,Other,4,DDR4,1024,0,Windows,64-bit,6,Casual,16,No,No,141990
ASUS,VivoBook,AMD,Ryzen 9,Other,4,DDR4,1024,0,Windows,64-bit,4,Casual,16,No,No,162990
ASUS,VivoBook,AMD,Ryzen 9,Other,4,DDR4,1024,0,Windows,64-bit,0,Casual,16,No,No,130500
ASUS,VivoBook,AMD,Ryzen 9,Other,4,DDR4,1024,0,Windows,64-bit,4,Casual,15.6,No,No,116990
ASUS,Ryzen,AMD,Ryzen 9,Other,4,DDR4,1024,0,Windows,32-bit,6,Casual,16,No,No,138990
ASUS,ROG,AMD,Ryzen 9,Other,4,LPDDR4X,1024,0,Windows,64-bit,4,Casual,15.6,Yes,Yes,234990
ASUS,ROG,AMD,Ryzen 9,Other,4,DDR4,1024,0,Windows,64-bit,0,Casual,16,No,No,135990
ASUS,ROG,AMD,Ryzen 9,Other,4,DDR4,1024,0,Windows,64-bit,0,Casual,16,No,No,144990
ASUS,Ryzen,AMD,Ryzen 9,Other,4,DDR4,1024,0,Windows,64-bit,4,Casual,15.6,No,No,149990
ASUS,Ryzen,AMD,Ryzen 9,Other,4,DDR4,1024,0,Windows,64-bit,4,Casual,16,No,No,142990
SAMSUNG,Galaxy,Qualcomm,Snapdragon 7c,Other,4,LPDDR4X,0,512,Windows,32-bit,0,Casual,15.6,No,No,38990
Lenovo,Thinkpad,AMD,Ryzen 5,10th,8,DDR4,512,0,DOS,64-bit,0,ThinNlight,14,No,No,57490
